Espécie;Amostra;Local;Data;Clorofila;espessura.foliar;massa.turgida.foliar;area.foliar;massa.para.furar.g.;massa.seca.foliar;volume.ramo;peso.seco.ramo;comprimento.ramo;densidade.vasos;
Abarema langsdorffii;2;Gaspar alto;30/06/2017;NA;0,162;0,00647;0,24190625;NA;0,00281;0,7;0,46;5,8;NA;0,657142857
Abarema langsdorffii;1;Ipiranga;08/08/2016;NA;0,076;0,0039;0,283921053;NA;0,00158;2,51;0,72;NA;1,653376093;0,28685259
Aegiphila integrifolia;3;PMSF;25/08/2016;44,8;0,246;6,248;212,2294;230,05;2,016;3,2;1,09;5;NA;0,340625
Aegiphila integrifolia;1;Spitz;16/04/2016;57,88;0,09;1,48;80,163;224,77;0,364;1,22;0,4;4,2;2,617122776;0,327868852
Aegiphila integrifolia;4;Praia Vermelha;09/02/2017;NA;0,216;4,23;177,0726;199,46;1,07;2,99;0,77;5,1;4,651521292;0,257525084
Aegiphila integrifolia;2;Praia Vermelha;09/02/2017;NA;0,212;1,766;71,5726;172,05;0,382;1,36;0,28;4,8;NA;0,205882353
Albizia edwallii;3;Santa Terezinha;11/05/2017;NA;0,07;NA;0,407;NA;0,0028;3,4;1,26;5,2;NA;0,370588235
Albizia edwallii;1;Santa Terezinha;11/05/2017;NA;0,124;0,012;0,598;42,18;0,0037;2,46;0,91;4,8;NA;0,369918699
Albizia edwallii;2;Santa Terezinha;11/05/2017;NA;0,087;NA;0,419;NA;0,0026;2,62;0,84;5,2;NA;0,320610687
Alchornea glandulosa;2;FURB;02/05/2016;48,26;0,112;1,764;110,5204;368,78;0,734;1,94;0,76;5,3;2,032369133;0,391752577
Alchornea glandulosa;1;FURB;25/04/2016;44,74;0,158;1,596;168,0646;190,06;0,764;3,4;1,27;4,9;1,745518225;0,373529412
Alchornea glandulosa;3;FURB;02/05/2016;NA;0,126;2,254;138,757;259,75;0,946;1,8;0,66;5,6;NA;0,366666667
Alchornea glandulosa;4;Massaranduba;26/07/2016;42,14;0,134;1,856;132,4392;251,15;0,78;4,06;1,4;4,9;0,811658299;0,344827586
Alchornea glandulosa;5;Massaranduba;26/07/2016;44,44;0,114;1,528;128,7854;344,67;0,65;8,5;2,69;5,1;1,790354498;0,316470588
Alchornea sidifolia;4;Massaranduba;26/07/2016;52,34;0,17;3,068;151,296;466,82;1,434;4,3;1,74;4,8;1,396831931;0,404651163
Alchornea sidifolia;3;Massaranduba;26/07/2016;48,74;0,112;3,776;113,9728;399,53;1,798;5,71;2,3;5,2;3,182662701;0,402802102
Alchornea sidifolia;5;Massaranduba;26/07/2016;41,96;0,184;4,472;180,7854;333,44;1,944;6,04;1,72;5,3;NA;0,284768212
Alchornea sidifolia;2;Spitz;16/04/2016;52,9;0,156;3,648;178,3066;336,08;1,504;1,46;0,39;5,5;NA;0,267123288
Alchornea sidifolia;1;Spitz;16/04/2016;49,7;0,15;4,116;239,171;262,84;1,73;1,76;0,47;5,4;NA;0,267045455
Alchornea triplinervia;5;PMSF;09/06/2016;45,06;0,188;NA;43,714;433,02;0,414;1,09;0,48;4,9;3,021354592;0,440366972
Alchornea triplinervia;2;FURB;25/04/2016;51,4;0,192;1,354;83,2498;256,23;0,548;1,8;0,69;5,3;NA;0,383333333
Alchornea triplinervia;4;PMSF;09/06/2016;58,82;0,236;1,514;84,7466;314,74;0,674;2,11;0,75;5,7;NA;0,355450237
Alchornea triplinervia;3;PMSF;09/06/2016;44,86;0,072;NA;80,1422;125,25;0,292;3,78;1,14;5,3;2,884211313;0,301587302
Alchornea triplinervia;1;PMSF;06/04/2016;51,14;0,304;1,478;127,593;144,46;0,62;1,55;0,4;5,3;NA;0,258064516
Allophylus edulis;4;Serra da Leoa;12/09/2016;56,98;0,128;0,428;23,7376;295,59;0,192;3,39;2,44;5,5;27,2942069;0,719764012
Allophylus edulis;3;FURB;02/05/2016;60,26;0,16;0,472;21,8132;131,9;0,214;1,58;1,08;4,3;17,74017831;0,683544304
Allophylus edulis;2;FURB;27/04/2016;37,38;0,156;0,336;15,1644;299,07;0,166;1,86;1,24;5,8;16,68480124;0,666666667
Allophylus edulis;5;Serra da Leoa;12/09/2016;39,3;0,106;0,296;17,2864;52,69;0,076;1,99;1,23;5,5;NA;0,618090452
Allophylus petiolulatus;4;Spitz;16/04/2016;65,18;0,238;0,766;34,4642;212,64;0,234;0,75;0,38;5;NA;0,506666667
Allophylus petiolulatus;1;FURB;24/05/2017;NA;0,08;0,382;25,274;202,72;0,136;1,26;0,62;5,2;NA;0,492063492
Allophylus petiolulatus;2;FURB;24/05/2017;NA;0,12;1,04;64,783;169,04;0,366;1,14;0,4;5;NA;0,350877193
Allophylus petiolulatus;3;FURB;24/05/2017;NA;0,12;0,608;29,545;245,39;0,27;1,2;0,33;5,3;NA;0,275
Alsophila setosa;2;Morro do Baú;12/12/2016;NA;0,08;0,148;6,7532;34,55;0,058;2,65;0,58;4,3;NA;0,218867925
Alsophila setosa;4;Morro do Baú;12/12/2016;NA;0,065;0,176;9,789;42,7;0,052;3;0,56;4,6;NA;0,186666667
Alsophila setosa;3;Morro do Baú;12/12/2016;NA;0,06;0,16;8,2032;28,57;0,062;4,55;0,84;4,4;NA;0,184615385
Alsophila setosa;5;UA 803;02/03/2017;NA;0,0847;NA;8,5642;15,5;0,244;4,07;0,65;4,8;NA;0,15970516
Alsophila setosa;1;Morro do Baú;12/12/2016;NA;0,086;0,146;8,335;NA;0,05;6,18;0,96;5;NA;0,155339806
Amaioua guianensis;3;PMSF;21/09/2016;58,32;0,13;0,678;42,7954;342,82;0,288;2,72;1,61;5,4;NA;0,591911765
Amaioua guianensis;4;PMSF;21/09/2016;61,12;0,15;1,852;34,3454;242,48;0,808;1,22;0,7;5,2;NA;0,573770492
Amaioua guianensis;1;PMSF;06/06/2016;54,08;0,188;1,34;79,1988;292,69;0,532;2,85;1,5;5,9;5,976353178;0,526315789
Amaioua guianensis;2;PMSF;06/06/2016;48,16;0,137;0,87;43,4096;130,22;0,228;2,12;0,77;6,1;NA;0,363207547
Andira fraxinifolia;4;PMSF;23/05/2016;46,44;0,132;0,94;58,7318;283,6;0,33;3,61;2,09;4,2;NA;0,578947368
Andira fraxinifolia;5;Braço Paula Ramos ;09/06/2016;44,94;0,14;0,23;13,7898;312,61;0,12;0,42;0,2;4,9;46,07035276;0,476190476
Andira fraxinifolia;1;FURB;13/04/2016;53,18;0,17;0,268;19,9928;213,83;0,104;2,41;1,09;3,4;8,898810665;0,452282158
Andira fraxinifolia;3;FURB;25/04/2016;50,02;0,134;0,404;25,6406;174,2;0,16;2,23;0,86;5,8;9,032180853;0,385650224
Andira fraxinifolia;2;FURB;25/04/2016;42,18;0,17;0,326;13,2944;232,22;0,118;3,11;0,99;5;5,336861662;0,318327974
Aniba firmula;4;Massaranduba;26/07/2016;64,82;0,194;0,524;26,32;332,83;0,23;2,34;1,43;5;6,086056168;0,611111111
Aniba firmula;5;PMSF;24/08/2016;59,84;0,234;0,66;46,6376;301,58;0,344;1,35;0,71;4,4;5,159476533;0,525925926
Aniba firmula;3;Massaranduba;26/07/2016;60,46;0,172;1,094;57,2906;242,24;0,408;2,76;1,45;5,5;4,68252712;0,525362319
Aniba firmula;2;PMSF;13/07/2016;61,4;0,122;0,658;44,0032;222,58;0,202;1,49;0,62;5,1;13,39730166;0,416107383
Aniba firmula;1;PMSF;13/07/2016;60,08;0,136;1,044;55,7828;215,73;0,394;4,74;1,9;5,2;3,789894766;0,400843882
Annona emarginata;3;Faxinal do Bepe;08/09/2016;42,82;0,112;0,456;21,0346;326,02;0,202;NA;1,25;4,9;NA;#VALOR!
Annona emarginata;2;Braço Paula Ramos;09/06/2016;64,76;0,156;0,51;39,6236;NA;0,21;0,09;0,05;4,5;30,75048284;0,555555556
Annona emarginata;5;Serra da leoa;12/09/2016;52,4;0,176;0,72;39,737;200,93;0,292;1,23;0,42;5,6;NA;0,341463415
Annona emarginata;4;Serra da leoa;12/09/2016;66,58;0,16;0,546;30,2158;226,14;0,19;1,48;0,44;5;NA;0,297297297
Annona emarginata;1;FURB;18/05/2016;55,3;0,124;1,28;92,64;153,6;0,398;1,7;0,4;5,4;NA;0,235294118
Annona neosericea;1;FURB;13/04/2016;53,6;0,12;0,432;34,0996;190,31;0,15;1,3;0,43;4,9;5,241735945;0,330769231
Annona neosericea;3;Spitz;16/04/2016;57,38;0,156;0,52;29,8322;328,82;0,168;0,57;0,18;5,2;9,582470514;0,315789474
Annona neosericea;5;Braço Paula Ramos;09/06/2016;63,18;0,166;1,54;78,1938;263,4;0,572;2,17;0,57;5,4;NA;0,262672811
Annona neosericea;4;FURB;02/05/2016;59,98;1,172;1,4;73,5008;232,59;0,5;2,03;0,52;5,1;NA;0,256157635
Annona neosericea;2;Spitz;16/04/2016;58,62;0,152;0,628;38,2742;211,28;0,192;0,57;0,12;5,2;4,644482471;0,210526316
Aparisthmium cordatum;2;PMSF;23/05/2016;57,36;0,142;3,558;203,2422;237,53;1,4;2,76;1,3;5,2;8,908877696;0,471014493
Aparisthmium cordatum;5;PMSF;23/05/2016;62,94;0,124;4,684;310,753;350,61;1,832;2,13;0,85;4,7;NA;0,399061033
Aparisthmium cordatum;4;PMSF;23/05/2016;57,4;0,112;4,564;375,4942;205,6;1,748;2,13;0,75;5,1;13,48925337;0,352112676
Aparisthmium cordatum;3;PMSF;23/05/2016;53,86;0,11;2,57;214,8844;271,04;0,922;1,08;0,35;NA;4,306001109;0,324074074
Aspidosperma australe;1;Spitz;16/04/2016;74,72;0,178;0,252;13,6806;225,46;0,076;0,34;0,28;4,5;NA;0,823529412
Aspidosperma australe;6;Praia Vermelha;09/20/2017;NA;0,122;0,238;12,1918;182,85;0,068;0,43;0,29;4,7;NA;0,674418605
Aspidosperma australe;5;PMSF;13/07/2016;66,48;0,108;0,288;16,4012;264,6;0,078;0,71;0,46;5,4;6,372430943;0,647887324
Aspidosperma australe;2;FURB;25/04/2016;65,76;0,155;0,192;9,5448;173,88;0,054;2,49;1,4;5,5;45,33060102;0,562248996
Aspidosperma australe;3;PMSF;06/06/2016;68,58;0,15;0,34;18,4728;237,54;0,096;3,38;1,88;5,5;NA;0,556213018
Aspidosperma australe;4;PMSF;06/06/2016;64,4;0,19;0,316;16,7384;298,53;0,092;3,21;1,77;5,1;NA;0,551401869
Aspidosperma parvifolium;3;Morro do Baú;12/12/2016;NA;0,18;0,45;22,7668;138,52;0,114;1,55;1,14;4,8;11,5336623;0,735483871
Aspidosperma parvifolium;4;Morro do Baú;12/12/2016;NA;0,126;0,286;16,233;250,84;0,084;1,61;1,16;NA;NA;0,720496894
Aspidosperma parvifolium;2;Morro do Baú;12/12/2016;NA;0,136;0,238;13,866;217;0,076;2,04;1,39;5,7;18,15939476;0,681372549
Aspidosperma parvifolium;1;Morro do Baú;12/12/2016;NA;0,168;0,42;26,0134;215,33;0,134;1,62;1,01;5,3;30,85415325;0,62345679
Aspidosperma tomentosum;2;Ipiranga;08/08/2016;55,06;0,15;0,698;48,0872;127,56;0,25;3,2;1,94;4,7;22,95458421;0,60625
Aspidosperma tomentosum;1;Ipiranga;08/08/2016;47;0,128;0,74;44,0154;97,48;0,212;1,5;0,88;5,2;NA;0,586666667
Aspidosperma tomentosum;5;FURB;16/03/2017;NA;0,18;1,432;38,3136;100,63;0,428;1,2;0,7;4,4;NA;0,583333333
Aspidosperma tomentosum;3;UA 803;02/03/2017;NA;0,126;0,498;31,5884;178;0,184;2,08;1,07;5,5;NA;0,514423077
Aspidosperma tomentosum;4;FURB;16/03/2017;NA;0,144;0,796;41,2726;132,33;0,218;0,8;0,36;4,9;NA;0,45
Bathysa australis;3;PMSF;23/05/2016;43,3;0,158;19,85;919,7926;166,87;3,738;NA;1,55;5,6;NA;#VALOR!
Bathysa australis;5;PMSF;13/07/2016;44,94;0,19;17,902;729,1202;239,09;4,17;5,62;1,41;5,3;NA;0,25088968
Bathysa australis;1;PMSF;23/05/2016;47,26;0,18;33,086;1400,1902;184,21;7,688;5,75;1,25;5,5;9,187212402;0,217391304
Bathysa australis;4;PMSF;06/06/2016;45,4;0,13;29,546;1481,5378;135,55;7,056;11,96;2,45;5,5;34,11047277;0,204849498
Bathysa australis;2;PMSF;23/05/2016;51,32;0,157;63,325;3044,55025;236,04;8,235;15,72;2,71;5,9;NA;0,172391858
Byrsonima ligustrifolia;2;Massaranduba;26/07/2016;58,18;0,278;0,932;33,6228;447,24;0,388;3;1,51;5,4;3,591230804;0,503333333
Byrsonima ligustrifolia;3;PMSF;24/08/2016;57,44;0,268;0,95;54,4608;337,23;0,348;1,77;0,88;4,9;13,53247606;0,497175141
Byrsonima ligustrifolia;5;Botuverá;17/02/2017;NA;0,262;0,394;NA;437,81;0,18;1,59;0,76;5;NA;0,477987421
Byrsonima ligustrifolia;4;Morro do Baú;12/12/2017;NA;0,232;0,91;41,9954;215,58;0,38;1,77;0,8;5,3;NA;0,451977401
Byrsonima ligustrifolia;1;PMSF;13/07/2016;54,84;0,212;1,336;67,384;318,93;0,432;1,17;0,46;5,3;NA;0,393162393
Cabralea canjerana;4;FURB;02/05/2016;NA;0,13;0,31;16,2242;299,2;0,112;5,11;1,78;5,3;NA;0,348336595
Cabralea canjerana;2;FURB;27/04/2016;78,62;0,236;1,49;45,2562;406;0,504;12,23;3,78;5,7;NA;0,309076043
Cabralea canjerana;5;Braço Paula Ramos;09/06/2016;66,28;0,21;1,032;53,6394;340,55;0,42;2,9;0,87;5,7;15,78489747;0,3
Cabralea canjerana;3;FURB;27/04/2016;66,5;0,174;0,87;39,6104;290,86;0,292;3,28;0,98;5;14,67770243;0,298780488
Cabralea canjerana;1;Spitz;16/04/2016;75;0,152;1,118;58,0968;324,37;0,352;2,95;0,88;5,7;NA;0,298305085
Calyptranthes tricona;1;Santa Terezinha;11/05/2017;NA;0,142;0,232;13,425;385,63;0,106;1,07;0,82;5;NA;0,76635514
Campomanesia reitziana;4;Praia Vermelha;09/02/2017;NA;0,188;0,628;24,3558;237,82;0,336;1,83;1,23;4,3;0,352896201;0,672131148
Campomanesia reitziana;3;Praia Vermelha;09/02/2017;NA;0,098;0,33;25,6592;174,27;0,138;1,58;0,94;4,3;2,876294679;0,594936709
Campomanesia reitziana;2;Braço Paula Ramos;09/06/2016;52,7;0,148;0,576;23,443;253,91;0,276;1,48;0,87;5,3;6,465685776;0,587837838
Campomanesia reitziana;5;Praia Vermelha;09/02/2017;NA;0,148;0,496;27,6422;261,17;0,19;0,85;0,48;4,5;NA;0,564705882
Campomanesia reitziana;1;Spitz;16/04/2016;48,58;0,122;1,02;48,1696;216,46;0,388;1,14;0,59;5;31,9303105;0,51754386
Casearia obliqua;3;Massaranduba;26/07/2016;63,4;0,07;0,114;9,9696;171,21;0,056;1,99;1,4;5,5;NA;0,703517588
Casearia obliqua;1;Massaranduba;26/07/2016;53,48;0,082;0,102;7,2046;122,38;0,048;2,35;1,61;5,1;8,423416619;0,685106383
Casearia obliqua;4;Massaranduba;26/07/2016;70,38;0,092;0,108;7,5668;179,86;0,05;1,79;1,13;4,8;17,74017831;0,631284916
Casearia obliqua;5;Morro do Baú;12/12/2017;NA;0,062;0,068;7,4492;128,91;0,022;1,2;0,75;5,6;NA;0,625
Casearia obliqua;2;Massaranduba;26/07/2016;59,4;0,112;0,18;12,8146;135,08;0,086;2,59;1,56;5,3;13,29716397;0,602316602
Casearia sylvestris;2;FURB;02/05/2016;69,98;0,174;0,43;19,3172;164,9;0,18;3,8;2,11;5,7;12,32805837;0,555263158
Casearia sylvestris;3;FURB;02/05/2016;NA;0,158;0,722;35,4622;176,94;0,23;1,36;0,75;5,1;NA;0,551470588
Casearia sylvestris;1;FURB;27/04/2016;72,88;0,132;0,61;32,41;289,59;0,228;2,43;1,24;5;NA;0,510288066
Casearia sylvestris;4;Braço Paula Ramos;09/06/2016;71,96;0,146;0,556;33,5558;NA;0,256;1,48;0,5;NA;3,3647197;0,337837838
Casearia sylvestris;5;Braço Paula Ramos;09/06/2016;61,66;0,15;0,598;31,313;277,64;0,232;1,02;0,34;5,9;NA;0,333333333
Cecropia glaziovii;3;FURB;13/04/2016;61,26;0,278;52,31;2838,5314;123,35;12,708;3,07;0,42;4,8;NA;0,136807818
Cecropia glaziovii;5;FURB;13/04/2016;59,88;0,28;63,242;3530,186;76,7;17,714;3,9;0,53;5,7;NA;0,135897436
Cecropia glaziovii;2;FURB;13/04/2016;54,92;0,258;72,93;4255,5602;140,96;21,396;5,21;0,69;5,8;NA;0,13243762
Cecropia glaziovii;1;FURB;13/04/2016;51,92;0,262;63,064;3303,4926;168,17;19,884;4,79;0,59;5,7;NA;0,123173278
Cecropia glaziovii;4;FURB;13/04/2016;55,56;0,222;31,672;2117,6456;86,05;8,094;2,47;0,3;5,2;NA;0,12145749
Chionanthus filiformis;2;Ipiranga;08/08/2016;64,92;0,2;0,978;42,9108;298,62;0,448;1,54;1,21;4,9;4,179685627;0,785714286
Chionanthus filiformis;4;UA 803;02/03/2017;NA;0,178;0,902;44,146;314,83;0,378;1,13;0,82;5,1;NA;0,725663717
Chionanthus filiformis;5;UA 803;02/03/2017;NA;0,184;0,884;40,768;364,73;0,368;0,97;0,67;4,7;NA;0,690721649
Chionanthus filiformis;3;Morro do Baú;12/12/2016;NA;0,168;0,544;31,1016;323,95;0,192;1,45;0,99;5,6;NA;0,682758621
Chionanthus filiformis;6;UA 803;02/03/2017;NA;0,218;0,988;37,246;474,14;0,438;5,84;3,36;5,2;NA;0,575342466
Chionanthus filiformis;1;PMSF;23/05/2016;68,84;0,232;0,494;18,8798;234,64;0,13;4,74;2,06;5,5;NA;0,434599156
Chrysophyllum inornatum;1;Ipiranga;08/08/2016;60,06;0,234;0,406;19,4482;574,16;0,142;1,59;0,95;4,6;10,78569817;0,597484277
Chrysophyllum inornatum;5;Praia Vermelha;09/02/2017;NA;0,21;0,284;12,2502;343,2;0,1;1,62;0,94;4,9;NA;0,580246914
Chrysophyllum inornatum;4;Praia Vermelha;09/02/2017;NA;0,172;0,244;11,9596;385,72;0,066;0,59;0,32;4,8;NA;0,542372881
Chrysophyllum inornatum;3;Praia Vermelha;09/02/2017;NA;0,178;0,28;11,78;376,71;0,082;0,94;0,5;5,3;NA;0,531914894
Clethra scabra;2;Spitz;16/04/2016;48,98;0,296;1,156;54,4554;317,68;0,462;1,73;0,68;5,3;79,12341903;0,393063584
Clethra scabra;1;Spitz;16/04/2016;54,28;0,362;0,978;41,5376;288,44;0,386;1,42;0,44;5,3;61,28986337;0,309859155
Clethra scabra;4;Spitz;16/04/2016;45,64;0,246;0,744;20,7088;337,03;0,286;1,32;0,4;5,6;19,52063463;0,303030303
Clethra scabra;3;Spitz;16/04/2016;45,98;0,284;0,688;29,8058;245,22;0,3;1,02;0,3;5,2;38,20689384;0,294117647
Clethra scabra;5;Spitz;16/04/2016;46,84;0,278;1,01;26,6268;333,05;0,388;0,89;0,24;4,2;NA;0,269662921
Clusia criuva;3;Braço Paula Ramos;09/06/2016;71,36;0,562;1,768;32,6154;734,84;0,464;1,22;0,84;5,5;4,618030423;0,68852459
Clusia criuva;5;Braço Paula Ramos;09/06/2016;53,8;0,536;2,008;36,6942;938;0,56;0,61;0,38;5,5;6,703311913;0,62295082
Clusia criuva;6;Praia Vermelha;09/02/2017;NA;0,53;1,974;35,2638;628,22;0,514;1,73;0,88;5;NA;0,50867052
Clusia criuva;2;Spitz;16/04/2016;72,64;0,638;1,168;29,8056;684,25;0,524;1,43;0,62;5,5;NA;0,433566434
Clusia criuva;4;Braço Paula Ramos;09/06/2016;70,62;0,584;3,534;59,4518;733,3;0,764;1,69;0,64;5,5;NA;0,378698225
Clusia criuva;1;Spitz;16/04/2016;60,66;0,582;1,484;25,4392;554,23;0,386;2,02;0,76;6;24,02853154;0,376237624
Copaifera trapezifolia;1;PMSF;23/05/2016;62,04;0,08;0,018;1,8354;174,08;0,006;3,36;2,11;4,9;8,118963218;0,62797619
Copaifera trapezifolia;5;Braço Paula Ramos;09/06/2016;NA;0,082;0,018;1,6598;NA;0,012;1,46;0,9;5,1;16,23650348;0,616438356
Copaifera trapezifolia;2;PMSF;06/06/2016;54,96;0,07;0,02;2,025;194,63;0,01;1,25;0,77;5,2;NA;0,616
Copaifera trapezifolia;4;Braço Paula Ramos;09/06/2016;52,76;0,074;0,014;1,23225;178,51;0,0075;1,24;0,67;5;16,02877197;0,540322581
Copaifera trapezifolia;3;Braço Paula Ramos;09/06/2016;70,7;0,148;0,06;1,8062;215,41;0,016;1,9;0,96;5;NA;0,505263158
Coussapoa microcarpa;2;Braço Paula Ramos;09/06/2016;56,86;0,294;0,67;22,2872;422,07;0,266;0,74;0,45;5,3;4,395043357;0,608108108
Coussapoa microcarpa;1;Spitz;16/04/2016;66,28;0,382;0,772;20,3356;751,44;0,274;1,35;0,78;4,9;NA;0,577777778
Coussapoa microcarpa;5;Praia Vermelha;09/02/2017;NA;0,348;1,048;30,3504;426,91;0,034;2,48;1,1;5,3;NA;0,443548387
Coussapoa microcarpa;3;Ipiranga;08/08/2016;58,54;0,278;1,904;77,319;370,9;0,636;3,48;1,27;5;3,678327817;0,364942529
Coussapoa microcarpa;4;Ipiranga;08/08/2016;57,92;0,262;1,178;38,9782;479,93;0,288;3,97;1,33;6;1,201865139;0,335012594
Coussarea contracta;2;Morro do Baú;12/12/2016;NA;0,23;1,162;50,5238;360,41;0,306;0,88;0,57;4,2;11,20102705;0,647727273
Coussarea contracta;3;Morro do Baú;12/12/2016;NA;0,238;0,686;22,0366;355,51;0,188;3,2;1,76;5,7;6,322434966;0,55
Coussarea contracta;1;Morro do Baú;12/12/2016;NA;0,194;0,866;41,4828;232,21;0,196;1,09;0,57;5;NA;0,52293578
Coussarea contracta;6;Praia Vermelha;09/02/2017;NA;0,176;0,438;17,58;302,05;0,114;1,7;0,76;5,1;NA;0,447058824
Coussarea contracta;5;Praia Vermelha;09/02/2017;NA;0,278;0,92;29,3608;322,98;0,204;1,31;0,52;5,2;NA;0,396946565
Coussarea contracta;4;Praia Vermelha;09/02/2017;NA;0,192;0,71;30,0852;357,77;0,17;0,35;0,1;4,9;6,912534706;0,285714286
Croton macrobothrys;3;Serra da Leoa;12/09/2016;59,84;0,102;0,43;35,6658;99,08;0,182;1,51;0,7;5;NA;0,463576159
Croton macrobothrys;1;Ipiranga;08/08/2016;46,14;0,12;0,37;22,895;49,5;0,114;1,63;0,59;4,4;NA;0,36196319
Croton macrobothrys;4;Serra da Leoa;12/09/2016;58,2;0,148;0,592;32,9674;118,66;0,208;2,64;0,9;5,3;NA;0,340909091
Croton macrobothrys;5;Serra da Leoa;12/09/2016;68,16;0,94;0,634;43,4942;115,11;0,218;1,96;0,55;4,6;1,08582898;0,280612245
Croton macrobothrys;2;Serra da Leoa;12/09/2016;57,82;0,146;0,592;35,9872;102,21;0,2;2,88;0,77;5,3;NA;0,267361111
Cryptocarya aschersoniana;2;FURB;02/05/2016;55,04;0,184;0,8734;35,9566;438,11;0,342;1,1;0,68;5;NA;0,618181818
Cryptocarya aschersoniana;4;PMSF;29/06/2016;62,32;0,172;1,066;NA;338,89;0,456;1,85;0,85;5;NA;0,459459459
Cryptocarya aschersoniana;3;PMSF;06/06/2016;59,08;0,144;0,852;42,4106;427,07;0,294;1,61;0,61;5,4;12,59170289;0,378881988
Cryptocarya aschersoniana;5;Ipiranga;08/08/2016;61,58;0,17;0,93;43,5212;231,98;0,384;1,34;0,44;4,9;3,700839616;0,328358209
Cryptocarya aschersoniana;1;FURB;02/05/2016;57,78;0,196;0,574;23,7756;374,2;0,276;1,38;0,276;5,3;9,15251647;0,2
Cryptocarya mandioccana;1;Massaranduba;26/07/2016;64,16;0,194;1,202;58,738;251,92;0,462;2,83;1,4;5,5;4,942501674;0,494699647
Cryptocarya mandioccana;3;Massaranduba;26/07/2016;56,5;0,168;0,974;47,3622;396,01;0,432;2,48;1,18;5;6,710678814;0,475806452
Cryptocarya mandioccana;5;Massaranduba;26/07/2016;66,22;0,196;0,858;39,6296;378,95;0,354;2,82;1,34;5,1;2,875870877;0,475177305
Cryptocarya mandioccana;4;Massaranduba;26/07/2016;60,22;0,168;0,994;55,0404;214,91;0,384;3,23;1,46;4,3;5,132595278;0,452012384
Cryptocarya mandioccana;2;Braço Paula Ramos;09/06/2016;58,28;0,214;0,748;36,1195;368,66;0,236;0,8;0,35;5,7;33,73270288;0,4375
Cupania vernalis;3;FURB;27/05/2016;51,64;0,154;0,474;22,958;300,8;0,234;2,78;1,68;4,8;5,346339305;0,604316547
Cupania vernalis;4;FURB;25/04/2016;61,46;0,146;0,566;40,9654;193,19;0,218;2,05;1,18;5,4;NA;0,575609756
Cupania vernalis;5;FURB;02/05/2016;58,44;0,124;0,782;42,0136;287,31;0,266;5,54;2,78;5,7;NA;0,501805054
Cupania vernalis;1;PMSF;04/06/2016;57,6;0,23;0,47;31,4286;305,47;0,188;3,12;1,55;5,5;5,440831783;0,496794872
Cupania vernalis;2;FURB;25/04/2016;58,32;0,146;0,73;53,5164;210,2;0,278;2,61;1,25;4,6;6,307714472;0,478927203
Cyathea corcovadensis;4;PMFS;23/05/2016;69,74;0,18;0,386;18,5222;250,14;0,12;3,83;0,76;5,3;NA;0,19843342
Cyathea corcovadensis;2;PMFS;23/05/2016;59,1;0,148;0,542;26,8758;276,97;0,15;4,47;0,86;5,5;NA;0,192393736
Cyathea corcovadensis;1;PMFS;06/04/2016;62,7;0,23;0,27;12,704;213,37;0,094;7,64;1,37;8,9;NA;0,179319372
Cyathea corcovadensis;5;PMFS;23/05/2016;61,04;0,152;0,628;29,5622;254,77;0,142;3,33;0,57;4,6;NA;0,171171171
Cyathea corcovadensis;3;PMFS;23/05/2016;58,26;0,132;0,43;24,3284;272,69;0,114;2,73;0,43;4,8;NA;0,157509158
Cyathea delgadii;4;Ipiranga;08/08/2016;NA;0,074;0,26;15,3836;15,26;0,144;4,54;0,98;4,6;NA;0,215859031
Cyathea delgadii;5;Ipiranga;08/08/2016;50,85;0,096;0,216;13,0142;15,26;0,068;4,07;0,75;4,8;NA;0,184275184
Cyathea delgadii;2;PMSF;23/05/2016;42,06;0,076;0,166;12,9252;114,27;0,048;7,14;1,2;5;NA;0,168067227
Cyathea delgadii;1;FURB;25/04/2016;48,52;0,009;0,126;10,305;NA;0,038;8,87;1,45;5,5;NA;0,163472379
Cyathea delgadii;3;PMSF;23/05/2016;18,64;0,066;0,122;11,2644;159,05;0,032;4,4;0,58;5,5;NA;0,131818182
Cyathea gardneri;4;Serra da Leoa;12/09/2016;82,8;0,102;0,36;16,089;38,54;0,11;4,28;0,79;5;NA;0,184579439
Cyathea gardneri;2;Serra da Leoa;12/09/2016;NA;0,126;0,278;11,9366;85,99;0,07;3,86;0,67;5,2;NA;0,17357513
Cyathea gardneri;5;Serra da Leoa;12/09/2016;NA;0,1;0,19;10,9986;47,25;0,052;2,76;0,47;4,9;NA;0,170289855
Cyathea gardneri;3;Serra da Leoa;12/09/2016;NA;0,09;0,262;12,48;36,8;0,076;3,32;0,51;4,6;NA;0,153614458
Cyathea gardneri;1;Serra da Leoa;12/09/2016;57,66;0,102;0,338;15,5264;140,81;0,076;14,55;1,84;5,5;NA;0,126460481
Cyathea phalerata;2;Morro do Baú;12/12/2016;NA;0,086;0,154;9,8692;33,86;0,056;1,84;0,62;4,4;NA;0,336956522
Cyathea phalerata;3;Morro do Baú;12/12/2016;NA;0,068;0,156;10,4994;27,87;0,036;1,95;0,34;4,5;NA;0,174358974
Cyathea phalerata;4;Morro do Baú;12/12/2016;NA;0,076;0,164;8,9174;50,89;0,048;2,88;0,49;5;NA;0,170138889
Cyathea phalerata;1;Ipiranga;08/08/2016;NA;0,172;0,3;15,4334;24,66;0,076;8,85;1,19;5,3;NA;0,134463277
Daphnopsis fasciculata;1;Ipiranga;08/08/2016;60,74;0,378;4,374;97,0292;1034,58;1,448;1,94;0,96;5;NA;0,494845361
Daphnopsis fasciculata;4;Tirolesa;21/02/2017;NA;0,318;2,91;87,5002;673,04;0,912;0,96;0,37;5,5;NA;0,385416667
Daphnopsis fasciculata;3;Serra da Leoa;12/09/2016;69,64;0,324;0,976;28,3994;857,21;0,31;1,77;0,68;5,3;26,93168187;0,384180791
Daphnopsis fasciculata;2;Ipiranga;08/08/2016;64,12;0,372;1,79;44,7852;912,86;0,606;4,05;1,54;5,3;3,503701408;0,380246914
Diatenopteryx sorbifolia;4;Santa Terezinha;11/05/2017;NA;0,07;0,058;4,356;88,71;0,03;1,92;1,29;5,1;NA;0,671875
Diatenopteryx sorbifolia;5;Santa Terezinha;11/05/2017;NA;0,082;0,102;7,59;80,66;0,042;1,46;0,97;5,1;NA;0,664383562
Diatenopteryx sorbifolia;3;Santa Terezinha;11/05/2017;NA;0,112;0,37;4,567;93,83;0,034;4,14;2,74;5,3;NA;0,661835749
Diatenopteryx sorbifolia;1;Rodeio;01/03/2017;NA;0,048;0,074;4,593;74,82;0,018;1,1;0,71;4,5;NA;0,645454545
Diatenopteryx sorbifolia;2;Santa Terezinha;11/05/2017;NA;0,088;0,054;4,24;231,81;0,034;1,08;0,067;5;NA;0,062037037
Dicksonia sellowiana;1;Faxinal do Bepe;06/09/2016;NA;0,112;0,022;1,3226;NA;0,008;2,34;0,64;5,1;NA;0,273504274
Dicksonia sellowiana;4;UA 803;02/03/2017;NA;0,068;0,079;5,5262;101,81;0,032;2,41;0,65;5,2;NA;0,269709544
Dicksonia sellowiana;2;Serra da Leoa;12/09/2016;NA;0,092;0,128;8,1504;38,35;0,054;1,77;0,37;4,4;NA;0,209039548
Dicksonia sellowiana;3;UA 803;02/03/2017;NA;0,074;0,046;3,7272;70,31;0,022;3,91;0,79;5,3;NA;0,202046036
Dicksonia sellowiana;5;UA 803;02/03/2017;NA;0,008;0,056;3,746;33,71;0,024;3,42;0,52;4,9;NA;0,152046784
Duguetia lanceolata;5;UA 803;14/03/2017;NA;0,13;0,332;96,272;280,82;NA;1,21;NA;5,2;NA;#VALOR!
Duguetia lanceolata;1;PMSF;24/08/2016;63,12;0,158;0,408;24,053;369,46;0,168;2,09;1,74;4,1;NA;0,832535885
Duguetia lanceolata;3;PMSF;21/09/2016;67,12;0,16;0,738;40,199;233,83;0,296;0,52;0,39;5,6;7,913523414;0,75
Duguetia lanceolata;4;Tirolesa;21/02/2017;NA;0,178;0,292;12,6118;348,09;0,132;1,07;0,77;5,2;NA;0,719626168
Duguetia lanceolata;2;PMSF;21/09/2016;66,02;0,14;0,362;22,354;238,38;0,158;1,85;1,28;6,2;4,619609102;0,691891892
Endlicheria paniculata;5;Serra da Leoa;12/09/2016;57,9;0,222;0,666;32,9608;236,74;0,268;1,26;0,67;4,7;NA;0,531746032
Endlicheria paniculata;4;Ipiranga;08/08/2016;62,8;0,176;0,514;25,9368;210,7;0,2;0,7;0,37;4,8;6,072130506;0,528571429
Endlicheria paniculata;2;Massaranduba;26/07/2016;68,3;0,19;1,24;61,228;142,39;0,49;2,47;1,24;5,4;14,06514218;0,502024291
Endlicheria paniculata;3;Massaranduba;26/07/2016;69,4;0,206;0,804;46,9126;373,77;0,316;3,23;1,15;5;3,210072997;0,356037152
Endlicheria paniculata;1;FURB;25/04/2016;61,42;0,212;1,312;71,2486;274,45;0,43;1,47;0,35;5;NA;0,238095238
Esenbeckia grandiflora;5;PMSF;21/09/2016;69,16;0,218;1,21;60,4648;268,23;0,486;1,25;0,89;NA;NA;0,712
Esenbeckia grandiflora;1;FURB;18/05/2016;69,26;0,39;2,33;63,066;441,72;0,632;0,46;0,32;4,9;NA;0,695652174
Esenbeckia grandiflora;2;PMSF;29/06/2016;62,28;0,224;1,484;71,669;210,07;0,468;1,05;0,63;5,4;NA;0,6
Esenbeckia grandiflora;4;PMSF;13/07/2016;60,68;0,22;0,874;36,9884;245,38;0,254;1,74;1;5,6;NA;0,574712644
Esenbeckia grandiflora;3;PMSF;13/07/2016;70,28;0,154;1;46,2218;393,83;0,298;1,02;0,56;5,5;NA;0,549019608
Eugenia beaurepairiana;1;Morro do Baú;12/12/2016;NA;0,132;0,296;15,9082;267,44;0,148;1,61;1,15;5,4;NA;0,714285714
Euterpe edulis;2;PMSF;29/06/2016;77,5;0,188;3,8;141,2898;279,35;1,742;13,99;4;5,7;NA;0,285918513
Euterpe edulis;4;PMSF;29/06/2016;62,7;0,62;1,094;80,3268;115,93;0,402;4,24;0,85;5,4;NA;0,200471698
Euterpe edulis;1;PMSF;29/06/2016;70,1;0,092;1,14;82,331;327,06;0,494;3,89;0,69;4,5;NA;0,177377892
Euterpe edulis;3;PMSF;29/06/2016;60,66;0,094;1,488;102,8894;226,93;0,632;7,83;1,3;5,6;NA;0,166028097
Euterpe edulis;5;PMSF;29/06/2016;59,94;0,09;0,92;73,7684;186,22;0,39;4,58;0,67;5,1;NA;0,14628821
Ficus adhatodifolia;2;FURB;27/04/2016;56,44;0,304;4,776;133,304;676,67;1,274;4,75;1,65;5,7;14,25036909;0,347368421
Ficus adhatodifolia;1;FURB;25/04/2016;59,04;0,39;6,42;194,847;334,01;1,876;5,82;1,82;5,6;NA;0,312714777
Ficus adhatodifolia;4;FURB;02/05/2016;NA;0,232;3,84;134,8142;457,06;1,102;4,42;1,32;5,2;NA;0,298642534
Ficus adhatodifolia;3;FURB;02/05/2016;NA;0,196;5,652;200,0094;484,01;1,728;2,94;0,77;4,5;NA;0,261904762
Ficus adhatodifolia;5;FURB;02/05/2016;NA;0,202;3,53;158,6664;259;0,988;2,68;0,56;5;NA;0,208955224
Gochnatia polymorpha;2;Rua Bahia, Blumenau;12/09/2016;56,58;0,336;1,25;42,986;240,12;0,496;1,52;0,86;5,9;6,003201466;0,565789474
Gochnatia polymorpha;3;Rua Bahia, Blumenau;12/09/2016;55,12;0,376;1,836;61,7106;297,78;0,82;1,39;0,68;5,6;22,20148505;0,489208633
Gochnatia polymorpha;1;Rua Bahia, Blumenau;12/09/2016;56,74;0,33;0,814;30,8318;300,61;0,414;2,98;1,41;6;12,27385954;0,473154362
Gochnatia polymorpha;5;Rua Bahia, Blumenau;12/09/2016;54,7;0,362;1,474;51,9562;303,57;0,605;2,12;0,86;5,5;31,79615656;0,405660377
Gochnatia polymorpha;4;Rua Bahia, Blumenau;12/09/2016;57,94;0,296;0,775;34,8776;197,29;0,338;1,35;0,53;5;NA;0,392592593
Guapira opposita;2;FURB;25/04/2016;51,84;0,294;0,624;24,0532;196,91;0,122;0,8;0,37;5,6;NA;0,4625
Guapira opposita;5;FURB;02/05/2016;NA;0,356;1,204;33,7982;398,58;0,244;1,26;0,55;4,7;NA;0,436507937
Guapira opposita;4;FURB;25/04/2016;64,14;0,334;1,158;38,5544;249,55;0,226;1,24;0,52;4,6;NA;0,419354839
Guapira opposita;3;FURB;25/04/2016;61,94;0,346;1,228;40,5424;284,2;0,224;1,46;0,61;5,3;NA;0,417808219
Guapira opposita;1;FURB;25/04/2016;56,18;0,3;0,798;27,9768;341,32;0,128;1,22;0,41;4,5;NA;0,336065574
Guatteria australis;4;PMSF;13/07/2016;57,58;0,128;0,286;15,8784;386,55;0,102;3,91;2,56;5,5;NA;0,654731458
Guatteria australis;5;PMSF;13/07/2016;71,06;0,142;0,36;20,0464;468,76;0,11;0,96;0,62;5,2;4,56507008;0,645833333
Guatteria australis;3;PMSF;13/07/2016;63,54;0,138;0,314;16,5248;412,8;0,11;3,04;1,83;5,5;4,168164817;0,601973684
Guatteria australis;1;Spitz;16/04/2016;74,62;0,152;0,186;9,2186;407,41;0,068;0,46;0,2;5;NA;0,434782609
Guatteria australis;2;PMSF;06/06/2016;62,44;0,116;0,326;21,499;204,09;0,112;1,92;0,66;5,4;NA;0,34375
Heisteria silvianii;2;FURB;02/05/2016;NA;0,172;1,598;87,0652;431,46;0,584;1,85;1,36;4,6;NA;0,735135135
Heisteria silvianii;3;PMSF;23/05/2016;74,18;0,26;1,466;54,6904;633,45;0,64;1,28;0,84;5,6;31,5816347;0,65625
Heisteria silvianii;5;Braço Paula Ramos;09/06/2016;65,62;0,296;1,102;37,2574;1164,75;0,482;0,83;0,5;5,9;NA;0,602409639
Heisteria silvianii;4;Braço Paula Ramos;09/06/2016;66,34;0,274;2,592;103,829;754,45;1,09;1,53;0,92;5,7;NA;0,60130719
Heisteria silvianii;1;Spitz;16/04/2016;78,82;0,348;1,726;52,4474;505,23;0,768;0,95;0,55;5,5;25,10437626;0,578947368
Hieronyma alchorneoides;3;Braço Paula Ramos;09/06/2016;54,02;0,264;6,132;263,9112;281,46;1,284;1,21;0,51;5,1;NA;0,421487603
Hieronyma alchorneoides;2;Braço Paula Ramos;09/06/2016;55,9;0,314;5,424;192,0992;297,14;1,886;1,83;0,65;5,3;NA;0,355191257
Hieronyma alchorneoides;1;Braço Paula Ramos;09/06/2016;58,94;0,242;4,254;161,987;250,27;1,672;2,19;0,59;5,3;NA;0,269406393
Hieronyma alchorneoides;5;Braço Paula Ramos;09/06/2016;43,3;0,246;5,564;222,7874;218,99;1,028;1,3;0,27;5,3;NA;0,207692308
Hieronyma alchorneoides;4;Braço Paula Ramos;09/06/2016;52,3;0,238;12,316;497,9582;202,67;2,658;4,17;0,7;5,5;NA;0,167865707
Hirtella hebeclada;5;PMSF;23/05/2016;59,28;0,104;1,308;62,1714;261,19;0,428;2,05;1,24;5,3;NA;0,604878049
Hirtella hebeclada;2;FURB;13/04/2016;60,18;0,27;2,538;142,7964;249,38;1,064;1,42;0,82;5,5;NA;0,577464789
Hirtella hebeclada;3;FURB;02/05/2016;60,84;0,349;1,466;67,2206;293,71;0,632;5,23;2,92;5,5;NA;0,5583174
Hirtella hebeclada;4;FURB;02/05/2016;54,62;0,138;2,042;110,8234;364,59;0,942;2,61;1,44;5,6;NA;0,551724138
Hirtella hebeclada;1;FURB;13/04/2016;62,2;0,24;2,084;134,0178;252,42;0,862;1,54;0,8;5,5;0,268127197;0,519480519
Hovenia dulcis;5;FURB;16/03/2017;NA;0,14;1,09;56,6034;91,66;0,342;5,63;2,99;5;NA;0,531083481
Hovenia dulcis;4;Rodeio;01/03/2017;NA;0,12;0,828;47,78;83,43;0,294;1,71;0,88;5,6;1,791074545;0,514619883
Hovenia dulcis;3;Tirolesa;21/02/2017;NA;0,118;0,694;37,3338;146;0,29;1,45;0,68;5;NA;0,468965517
Hovenia dulcis;1;Serra da Leoa;12/09/2016;35,16;0,09;0,352;30,161;103,9;0,082;3,25;1,33;5,2;1,873454285;0,409230769
Hovenia dulcis;2;Serra da Leoa;12/09/2016;38;0,09;0,34;32,7484;61,8;0,09;3,55;1,06;5,3;1,695854006;0,298591549
Ilex dumosa;2;Santa Terezinha;10/05/2017;67,6;0,26;0,286;11,253;338,43;0,136;1,64;0,85;5;NA;0,518292683
Ilex dumosa;3;Santa Terezinha;10/05/2017;55,58;0,166;0,128;5,478;298,57;0,054;1,37;0,57;4,9;NA;0,416058394
Ilex dumosa;1;Santa Terezinha;10/05/2017;74,2;0,206;0,118;4,723;309,16;0,05;1,96;0,59;5,2;NA;0,301020408
Ilex paraguariensis;4;Ipiranga;08/08/2016;70,4;0,352;0,354;9,5066;309,21;0,144;3,7;2,01;5,5;73,25427311;0,543243243
Ilex paraguariensis;5;Ipiranga;08/08/2016;73,92;0,268;0,52;15,9002;214,07;0,2;4,2;2,21;6,5;NA;0,526190476
Ilex paraguariensis;3;Ipiranga;08/08/2016;73,46;0,296;0,574;17,2284;274,09;0,22;1,86;0,97;5,1;11,01113086;0,521505376
Ilex paraguariensis;2;Ipiranga;08/08/2016;72,96;0,296;0,434;5,2566;421,48;0,164;3,13;1,63;4,7;23,22788438;0,520766773
Ilex paraguariensis;1;Ipiranga;08/08/2016;63,04;0,288;0,394;11,82;233,28;0,146;2,49;1,2;5,2;39,60738703;0,481927711
Ilex theezans;1;Spitz;16/04/2016;75,62;0,425;0,796;19,2922;700,5;0,348;1,3;0,73;4,8;NA;0,561538462
Ilex theezans;4;Morro do Baú;12/12/2016;NA;0,346;0,476;11,2338;471,29;0,16;1,05;0,56;5,4;8,080169044;0,533333333
Ilex theezans;3;Morro do Baú;12/12/2016;NA;0,28;0,37;9,9436;467,1;0,13;1,26;0,63;5;NA;0,5
Ilex theezans;6;Praia Vermelha;09/02/2017;NA;0,384;0,99;23,9648;492,07;0,422;2,07;1,01;5,3;NA;0,487922705
Ilex theezans;5;Morro do Baú;12/12/2016;NA;0,486;1,048;20,86;370,99;0,332;1,76;0,76;5;NA;0,431818182
Ilex theezans;2;Massaranduba;26/07/2016;54,4;0,292;2,11;67,6802;300,34;0,71;2,78;1,16;5,5;NA;0,417266187
Inga marginata;3;FURB;24/05/2017;NA;0,118;0,238;16,362;188,2;0,088;1,38;0,88;5,1;NA;0,637681159
Inga marginata;2;FURB;24/05/2017;NA;0,19;0,81;33,019;326,96;0,36;1,56;0,86;5,3;NA;0,551282051
Inga marginata;1;FURB;24/05/2017;NA;0,14;0,562;39,571;293,08;0,208;1,19;0,6;5,1;NA;0,504201681
Jacaranda puberula;5;UA 803;14/03/2017;NA;0,11;0,108;6,4024;125,64;0,05;1,92;0,71;5;NA;0,369791667
Jacaranda puberula;3;UA 803;14/03/2017;NA;0,12;0,11;5,372;155,26;0,042;1,33;0,49;5,3;NA;0,368421053
Jacaranda puberula;1;Ipiranga;08/08/2016;54,76;0,078;0,112;7,0776;67,66;0,042;3,11;1,14;5,1;7,042140266;0,366559486
Jacaranda puberula;2;UA 803;06/03/2017;NA;0,106;0,086;4,5274;279,28;0,054;2,44;0,88;4,6;NA;0,360655738
Jacaranda puberula;4;UA 803;14/03/2017;NA;0,068;0,04;3,5124;122,3;0,024;2,43;0,75;5,1;NA;0,308641975
Lonchocarpus campestris;2;Massaranduba;26/07/2016;54,96;0,116;0,188;12,021;248,24;0,08;5,13;2,79;4,7;7,123013569;0,543859649
Lonchocarpus campestris;1;Massaranduba;26/07/2016;51,84;0,138;0,28;19,7874;223,11;0,148;2,76;1,45;5,4;0,092951001;0,525362319
Lonchocarpus campestris;4;Rodeio;01/03/2017;NA;0,154;0,3;17,623;261,38;0,112;1,21;0,59;4,6;NA;0,487603306
Lonchocarpus campestris;3;Tirolesa;21/02/2017;NA;0,178;0,3;14,049;201,97;0,122;0,77;0,34;5,1;NA;0,441558442
Machaerium brasiliense;2;Ipiranga;08/08/2016;53,2;0,074;0,078;6,8252;161,26;0,034;NA;0,078;5,4;NA;#VALOR!
Machaerium brasiliense;3;Serra da Leoa;12/06/2016;40,38;0,064;0,048;5,348;228,18;0,032;3,65;2,28;5,5;3,902827078;0,624657534
Machaerium brasiliense;1;Ipiranga;08/08/2016;60,84;0,11;0,106;6,7912;219,52;0,05;1,7;1,06;5,1;3,208939988;0,623529412
Machaerium brasiliense;4;Tirolesa;21/02/2017;NA;0,178;0,28;17,8204;237,83;0,126;1,37;0,68;4,9;NA;0,496350365
Machaerium brasiliense;5;Tirolesa;21/02/2017;NA;0,162;0,314;18,391;259,02;0,132;1,29;0,52;5,1;NA;0,403100775
Magnolia ovata;1;Braço Paula Ramos;09/06/2016;50,52;0,264;4,454;138,2446;387,57;1,86;2,24;0,91;5,7;NA;0,40625
Magnolia ovata;5;Braço Paula Ramos;09/06/2016;59,06;0,236;5,463;226,193;341,5;1,968;1,35;0,5;5;NA;0,37037037
Magnolia ovata;2;FURB;18/05/2016;50,62;0,176;2,826;114,4168;246,85;0,986;2,09;0,66;5,2;NA;0,315789474
Magnolia ovata;4;Braço Paula Ramos;09/06/2016;63,94;0,228;9,652;408,467;330,21;3,36;2,66;0,83;5,9;NA;0,312030075
Magnolia ovata;3;Braço Paula Ramos;09/06/2016;52,2;0,21;4,616;226,005;316,4;2,062;1,41;0,4;4,9;NA;0,283687943
Matayba elaeagnoides;3;Curitiba;14/03/2017;NA;0,174;0,35;15,3502;313,49;0,176;1,02;0,65;4,9;NA;0,637254902
Matayba elaeagnoides;4;Curitiba;14/03/2017;NA;0,198;0,414;15,4086;341,15;0,148;1,04;0,62;5;NA;0,596153846
Matayba elaeagnoides;2;Curitiba;14/03/2017;NA;0,208;0,278;15,748;328,21;0,15;2,56;1,22;5,1;NA;0,4765625
Matayba elaeagnoides;5;Curitiba;14/03/2017;NA;0,158;0,294;12,787;375,61;0,12;3,32;1,56;4,6;NA;0,469879518
Matayba elaeagnoides;1;Curitiba;14/03/2017;NA;0,19;0,478;19,909;245,2;0,188;1,17;0,52;4,8;NA;0,444444444
Matayba intermedia;5;FURB;13/04/2016;66,7;0,214;0,6;26,9862;602,84;0,254;2,68;1,5;4,9;NA;0,559701493
Matayba intermedia;3;FURB;13/04/2016;61;0,262;0,544;23,0802;240,68;0,21;4,25;2,33;4,3;NA;0,548235294
Matayba intermedia;4;FURB;13/04/2016;62,86;0,29;1,148;44,5238;584,54;0,05;2,71;1,46;5,1;NA;0,538745387
Matayba intermedia;1;Braço Paula Ramos;09/06/2016;65,76;0,22;0,638;25,7814;373,78;0,242;0,88;0,45;5,5;NA;0,511363636
Matayba intermedia;2;FURB;13/04/2016;72,3;0,284;0,906;34,5646;372,64;0,412;2,3;1,16;5,1;NA;0,504347826
Meliosma sellowii;3;PMSF;21/09/2016;54,08;0,176;1,21;68,0806;312,15;0,332;NA;1,68;5;3,586298926;#VALOR!
Meliosma sellowii;2;PMSF;21/09/2016;61,82;0,138;0,964;63,0526;212,23;0,278;5,32;1,91;5,2;4,299711528;0,359022556
Meliosma sellowii;1;Massaranduba;26/07/2016;63,88;0,19;0,978;50,5994;281,07;0,306;4,45;1,58;5,1;3,723717144;0,35505618
Meliosma sellowii;4;PMSF;21/09/2016;63,2;0,16;1,482;19,68;310,77;0,46;4,47;1,57;5,5;3,769507638;0,351230425
Meliosma sellowii;5;PMSF;21/09/2016;52,78;0,126;0,876;62,1302;313,06;0,222;5,22;1,53;5,7;NA;0,293103448
Miconia cabucu;1;Braço Paula Ramos;09/06/2016;55,12;0,416;9,568;248,341;394,75;3,832;2,16;1,01;5,5;NA;0,467592593
Miconia cabucu;2;Braço Paula Ramos;09/06/2016;51,94;0,45;8,896;293,2842;321,38;3,49;3,04;1,24;5,2;NA;0,407894737
Miconia cabucu;5;Massaranduba;26/07/2016;57,98;0,254;14,796;572,6498;244,98;5,026;6,48;2,61;6;NA;0,402777778
Miconia cabucu;4;Massaranduba;26/07/2016;60,88;0,198;10,66;375,8952;136,12;3,892;5,3;2,02;5;6,077547445;0,381132075
Miconia cabucu;3;Braço Paula Ramos;09/06/2016;54,44;0,382;10,648;577,7818;358,81;7,398;7,25;1,23;5,6;NA;0,169655172
Miconia cinnamomifolia;3;Braço Paula Ramos;09/06/2016;61,6;0,272;0,684;21,9776;156,51;0,266;0,4;0,24;4,7;NA;0,6
Miconia cinnamomifolia;5;Faxinal do Bepe;06/09/2016;69,5;0,02;1,188;41,2962;241,28;0,458;6,46;3,79;5,9;NA;0,586687307
Miconia cinnamomifolia;1;Braço Paula Ramos;09/06/2016;65,16;0,18;0,726;31,1892;218,12;0,238;0,83;0,42;5,4;5,432099842;0,506024096
Miconia cinnamomifolia;4;Braço Paula Ramos;09/06/2016;52,46;0,208;0,494;22,1512;156,92;0,178;0,47;0,23;5,4;NA;0,489361702
Miconia cinnamomifolia;2;Braço Paula Ramos;09/06/2016;66,68;0,278;0,824;31,9982;199,45;0,302;1,48;0,63;5,7;NA;0,425675676
Myrceugenia ovalifolia;1;Faxinal do Bepe;08/09/2016;78,02;0,326;0,54;13,9358;503,32;0,252;NA;1,69;5,2;11,64774436;#VALOR!
Myrceugenia ovalifolia;3;Morro do Baú;12/12/2016;NA;0,34;0,72;25,4032;489,86;0,302;1,64;0,93;5;NA;0,567073171
Myrceugenia ovalifolia;5;Botuverá;17/02/2017;NA;0,352;0,452;NA;477,68;0,182;1,42;0,79;5,2;NA;0,556338028
Myrceugenia ovalifolia;2;Morro do Baú;12/12/2016;NA;0,32;0,68;24,0384;477,34;0,274;2,46;1,36;5,3;NA;0,552845528
Myrceugenia ovalifolia;4;Morro do Baú;12/12/2016;NA;0,268;0,592;25,4756;274,17;0,234;0,93;0,46;5,6;9,416294852;0,494623656
Myrceugenia seriatoramosa;1;Botuverá;17/02/2017;NA;0,108;0,04;NA;173,33;0,0175;1,58;1,28;5,2;NA;0,810126582
Myrceugenia seriatoramosa;4;Botuverá;17/02/2017;NA;0,15;0,026;NA;273,77;0,018;1,47;1,17;5,3;NA;0,795918367
Myrceugenia seriatoramosa;3;Botuverá;17/02/2017;NA;0,168;0,032;NA;209,46;0,016;1,39;1,08;5,1;NA;0,776978417
Myrceugenia seriatoramosa;2;Botuverá;17/02/2017;NA;0,174;0,116;NA;316,01;0,05;1,33;0,89;5,1;16,82244078;0,669172932
Myrcia brasiliensis;5;Praia Vermelha;09/02/2017;NA;NA;NA;NA;NA;NA;NA;NA;NA;NA;#VALOR!
Myrcia brasiliensis;1;Spitz;16/04/2016;60,18;0,3;1,128;40,1272;365,18;0,436;0,47;0,29;4,5;NA;0,617021277
Myrcia brasiliensis;4;Praia Vermelha;09/02/2017;NA;0,234;0,978;40,0414;313,5;0,264;1,59;0,93;5;NA;0,58490566
Myrcia brasiliensis;2;Praia Vermelha;09/02/2017;NA;0,34;1,07;30,5988;314,46;0,36;2,62;1,3;5;NA;0,496183206
Myrcia brasiliensis;3;Praia Vermelha;09/02/2017;NA;0,25;0,742;27,897;253,82;0,216;0,79;0,39;5;8,460598836;0,493670886
Myrcia catharinensis;4;FURB;27/05/2017;NA;0,2;1,714;58,92;305,15;0,69;0,92;0,6;4,8;NA;0,652173913
Myrcia catharinensis;3;FURB;26/05/2017;NA;0,17;1,248;53,64;419,95;0,382;1,75;1,08;5,2;NA;0,617142857
Myrcia catharinensis;5;FURB;28/05/2017;NA;0,23;1,296;49,112;474,87;0,452;1,87;1,13;5,4;NA;0,604278075
Myrcia catharinensis;2;FURB;25/05/2017;NA;0,28;1,81;57,048;618,82;0,704;0,87;0,48;5,2;NA;0,551724138
Myrcia catharinensis;1;FURB;24/05/2017;NA;0,24;1,692;63,157;463,47;0,68;1,04;0,41;5,2;NA;0,394230769
Myrcia hebepetala;4;Praia Vermelha;09/02/2017;NA;0,248;0,852;41,759;396,35;0,256;1,76;1,14;4,5;NA;0,647727273
Myrcia hebepetala;2;Ipiranga;08/08/2016;56,8;0,156;0,332;13,1322;244,16;0,146;1,7;1,07;5,1;5,307178385;0,629411765
Myrcia hebepetala;3;Ipiranga;08/08/2016;53,32;0,124;0,85;39,057;NA;0,35;1,75;1,02;4,8;5,478887204;0,582857143
Myrcia hebepetala;5;Praia Vermelha;10/02/2017;NA;0,234;1,04;52,947;249,99;0,278;1,95;1,12;4,1;NA;0,574358974
Myrcia hebepetala;6;Botuverá;17/02/2017;NA;0,178;0,578;NA;286,81;0,228;1,21;0,67;5,2;NA;0,553719008
Myrcia hebepetala;1;Spitz;16/04/2016;58,2;0,158;0,336;13,2032;284,4;0,128;1,88;0,95;5,5;18,35281481;0,505319149
Myrcia splendens;3;FURB;14/04/2016;55,24;0,128;0,07;5,7614;144,71;0,016;0,92;0,58;5,3;NA;0,630434783
Myrcia splendens;1;PMSF;06/04/2016;46,7;0,11;0,04;4,029;157,38;0,022;2;1,23;5,8;NA;0,615
Myrcia splendens;5;FURB;25/04/2016;50,46;0,11;0,1;7,8946;105,41;0,042;1,1;0,62;4,9;NA;0,563636364
Myrsine coriacea;4;Ipiranga;08/08/2016;56,5;0,158;0,548;25,1412;192,46;0,196;2,86;1,73;5,4;26,67651024;0,604895105
Myrsine coriacea;1;Braço Paula Ramos;09/06/2016;54,84;0,198;0,394;16,132;200,59;0,15;0,94;0,5;5,2;10,89261015;0,531914894
Myrsine coriacea;3;Braço Paula Ramos;09/06/2016;56,9;0,176;0,234;9,546;229,58;0,086;2,14;1,13;4,9;NA;0,528037383
Myrsine coriacea;5;Ipiranga;08/08/2016;53,9;0,15;0,736;32,1024;191,69;0,218;2,14;1,1;4,9;NA;0,514018692
Myrsine coriacea;2;Braço Paula Ramos;09/06/2016;60,62;0,222;0,57;22,44;185,6;0,204;0,72;0,31;5,4;11,05245141;0,430555556
Myrsine gardneriana;1;Ipiranga;08/08/2016;50,9;0,362;1,462;40,9404;197,53;0,46;1,53;0,93;5;8,215753674;0,607843137
Myrsine gardneriana;5;Ipiranga;08/08/2016;56,72;0,348;1,9;54,3554;293,52;0,594;5,37;3,07;NA;6,292132412;0,5716946
Myrsine gardneriana;3;Ipiranga;08/08/2016;46,82;0,14;0,304;13,306;222,39;0,068;2,05;1,06;6;NA;0,517073171
Myrsine gardneriana;4;Ipiranga;08/08/2016;63,94;0,292;2,956;91,8936;483,54;1,174;1,12;0,57;4,8;NA;0,508928571
Myrsine gardneriana;2;Ipiranga;08/08/2016;53,84;0,282;1,386;47,3268;181,5;0,43;1,28;0,61;5;8,171531067;0,4765625
Myrsine lancifolia;5;Santa Terezinha;10/05/2017;NA;0,264;0,456;15,611;217,13;0,16;1,86;1,19;5,2;NA;0,639784946
Myrsine lancifolia;1;Botuverá;17/02/2017;NA;0,178;0,32;NA;212,05;0,106;1,7;1,08;5,1;NA;0,635294118
Myrsine lancifolia;3;Botuverá;17/02/2017;NA;0,208;0,468;NA;386,18;0,13;1,52;0,94;5,2;NA;0,618421053
Myrsine lancifolia;2;Botuverá;17/02/2017;NA;0,19;0,542;NA;271,99;0,156;1,07;0,66;5,2;NA;0,61682243
Myrsine lancifolia;4;Botuverá;17/02/2017;NA;0,238;0,69;NA;258,48;0,21;0,4;0,23;5,2;NA;0,575
Myrsine umbellata;4;Praia Vermelha;09/02/2017;NA;0,402;4,78;109,7542;457,81;1,648;1,96;1,07;5,2;NA;0,545918367
Myrsine umbellata;3;Faxinal do Bepe;28/09/2016;74,575;0,324;3,372;101,1302;460,87;1,382;1,42;0,69;4,6;12,49286903;0,485915493
Myrsine umbellata;2;FURB;02/05/2016;NA;0,392;6,628;168,544;479,15;2,094;2,75;1,27;5,7;NA;0,461818182
Myrsine umbellata;1;Spitz;16/04/2016;74,88;0,348;4,456;132,535;375,93;1,578;1,14;0,46;4,8;NA;0,403508772
Myrsine umbellata;5;Praia Vermelha;09/02/2017;NA;0,524;3,056;45,7202;433,57;0,996;1,11;0,4;5,1;NA;0,36036036
Nectandra lanceolata;2;Curitiba;14/03/2017;NA;0,216;0,792;30,1612;376,17;0,354;1,47;0,67;5;NA;0,455782313
Nectandra lanceolata;5;Serra da Abelha;10/05/2017;NA;0,202;0,652;34,5654;167,97;0,268;1,88;0,82;5,1;NA;0,436170213
Nectandra lanceolata;4;Serra da Abelha;10/05/2017;NA;0,214;0,374;14,4612;231,57;0,152;1,08;0,43;5,1;NA;0,398148148
Nectandra lanceolata;3;Serra da Abelha;10/05/2017;NA;0,18;0,72;31,877;318,66;0,294;0,91;0,23;5;NA;0,252747253
Nectandra megapotamica;5;Praia Vermelha;09/02/2017;NA;0,14;0,44;21,7752;204,2;0,182;0,72;0,41;4,9;NA;0,569444444
Nectandra megapotamica;1;FURB;27/04/2016;54,64;0,13;0,194;11,7752;263,11;0,09;4,57;2,41;5,6;3,734270047;0,527352298
Nectandra megapotamica;2;FURB;02/05/2016;NA;0,13;0,312;20,744;280,15;0,122;1,72;0,89;5,4;3,848689127;0,51744186
Nectandra megapotamica;4;Serra da Leoa;12/09/2016;48,74;0,098;0,186;12,2678;234,11;0,078;1,53;0,7;5,3;3,582737162;0,45751634
Nectandra megapotamica;3;Braço Paula Ramos;09/06/2016;53,76;0,142;0,412;23,7624;318,51;0,182;0,29;0,11;4,9;5,678150064;0,379310345
Nectandra membranacea;2;Braço Paula Ramos;09/06/2016;47,36;0,098;1,116;79,9794;142,34;0,684;1,12;0,59;5,7;11,91916697;0,526785714
Nectandra membranacea;4;FURB;27/04/2016;54,78;0,14;0,846;47,6778;180,7;0,336;1,67;0,82;5;NA;0,491017964
Nectandra membranacea;1;FURB;25/04/2016;50,34;0,138;1,67;102,3342;275,92;0,692;2,34;0,92;4,7;15,91697268;0,393162393
Nectandra membranacea;3;FURB;25/04/2016;45,76;0,172;0,632;37,2152;197,37;0,244;2,09;0,81;5,2;NA;0,387559809
Nectandra membranacea;5;PMSF;06/06/2016;57,36;0,182;1,452;81,2592;230,72;0,38;1,26;0,41;5,3;NA;0,325396825
Nectandra oppositifolia;5;Braço Paula Ramos;09/06/2016;50,34;0,262;1,488;62,1262;429,78;0,736;1,2;0,59;5,6;24,55940856;0,491666667
Nectandra oppositifolia;4;FURB;02/05/2016;62;0,226;2,364;93,484;338,99;1,162;1,59;0,69;4,8;NA;0,433962264
Nectandra oppositifolia;3;FURB;02/05/2016;56,36;0,18;2,032;89,7574;277,09;0,852;5,35;2,24;5,3;22,46942552;0,418691589
Nectandra oppositifolia;1;FURB;25/04/2016;49,24;0,19;3,389;171,9464;271,56;1,444;1,94;0,81;4,8;NA;0,417525773
Nectandra oppositifolia;2;FURB;25/04/2016;62,2;0,194;3,882;201,623;299,21;1,62;4,15;1,28;5,8;2,728513318;0,308433735
Ocotea aciphylla;3;PMSF;29/06/2016;46,16;0,188;0,492;22,8396;263,81;0,236;1,45;0,84;5,4;6,054576674;0,579310345
Ocotea aciphylla;5;PMSF;21/09/2016;62,34;0,186;0,72;38,3646;264,85;0,302;1,77;0,86;4,7;NA;0,485875706
Ocotea aciphylla;1;PMSF;23/05/2016;58,78;0,174;0,91;46,8076;293,64;0,362;2,59;1,09;5,7;11,7947102;0,420849421
Ocotea aciphylla;2;PMSF;23/05/2016;59,24;0,182;0,762;39,7876;269,77;0,296;1,94;0,81;4,8;NA;0,417525773
Ocotea aciphylla;4;PMSF;13/07/2016;59,5;0,086;0,984;40,8322;311,68;0,312;1,39;0,45;5,7;NA;0,323741007
Ocotea bicolor;5;Tirolesa;21/02/2017;NA;0,162;0,134;NA;248,74;0,076;0,94;0,61;4,4;NA;0,64893617
Ocotea bicolor;4;Botuverá;17/02/2017;NA;0,188;0,196;NA;415,85;0,094;1,19;0,67;5,3;NA;0,56302521
Ocotea bicolor;2;Morro do Baú;12/12/2016;NA;0,206;0,216;9,605;368,58;0,1;0,97;0,53;5,7;NA;0,546391753
Ocotea bicolor;3;Morro do Baú;12/12/2016;NA;0,16;0,278;13,4984;240,81;0,124;1,6;0,64;6;NA;0,4
Ocotea bicolor;1;Morro do Baú;12/12/2016;NA;0,168;0,364;17,0256;315,42;0,152;3,62;1,31;5,3;NA;0,361878453
Ocotea catharinensis;2;PMSF;13/07/2016;65,88;0,11;0,382;25,4784;220,05;0,158;2,72;1,63;5,8;5,51817356;0,599264706
Ocotea catharinensis;5;Faxinal do Bepe;28/09/2016;67,76;0,124;0,344;26,511;251,15;0,15;0,92;0,54;4;14,78376412;0,586956522
Ocotea catharinensis;4;Massaranduba;26/07/2016;61,96;0,102;0,226;18,6826;200,81;0,106;2,96;1,7;5,7;4,645670284;0,574324324
Ocotea catharinensis;3;PMSF;13/07/2016;61,74;0,108;0,235;16,6458;289,51;0,094;2,43;1,39;5,8;0,419853146;0,572016461
Ocotea catharinensis;1;PMSF;06/04/2016;69;0,18;0,35;25,6746;227,97;0,158;1,81;0,93;5;NA;0,513812155
Ocotea elegans;1;FURB;02/05/2016;NA;0,135;0,348;20,8836;181,29;0,14;1,93;1,19;4,9;NA;0,616580311
Ocotea elegans;2;FURB;02/05/2016;NA;0,174;0,506;31,4038;203,76;0,218;2,81;1,59;4,8;NA;0,565836299
Ocotea elegans;3;PMSF;06/06/2016;68,26;0,128;0,2;12,7942;314,53;0,086;2,75;1,41;6,1;NA;0,512727273
Ocotea elegans;5;PMSF;21/09/2016;66,16;0,172;0,378;21,723;213,84;0,154;3,1;1,5;5,7;0,068357743;0,483870968
Ocotea elegans;4;PMSF;21/09/2016;64,62;0,178;0,564;31,0954;200,6;0,198;2,3;0,95;5,9;NA;0,413043478
Ocotea glaziovii;1;Faxinal do Bepe;28/09/2016;67,8;0,196;0,826;36,5248;361,22;0,388;2,61;1,43;4,5;22,56734371;0,54789272
Ocotea odorifera;6;Praia Vermelha;09/02/2017;NA;0,156;0,85;50,4756;280;0,298;1,26;0,86;5,1;NA;0,682539683
Ocotea odorifera;4;PMSF;24/08/2016;54,84;0,194;0,79;43,8134;285,38;0,342;1,82;1,16;5,4;9,199022369;0,637362637
Ocotea odorifera;5;Faxinal do Bepe;28/09/2016;62,42;0,186;1,266;62,1582;403,36;0,588;3,32;2,04;5,2;NA;0,614457831
Ocotea odorifera;3;PMSF;24/08/2016;60,92;0,198;1,332;72,8368;260,04;0,558;3,83;2,33;5;6,007682518;0,608355091
Ocotea odorifera;2;PMSF;13/07/2016;60,92;0,108;0,31;19,1994;236,8;0,134;2,02;1,1;5,4;4,173476641;0,544554455
Ocotea odorifera;1;Braço Paula Ramos;09/06/2016;63,96;0,172;0,58;38,6248;435,17;0,254;0,72;0,32;5,6;33,7595432;0,444444444
Ocotea puberula;5;Serra da Leoa;12/09/2016;58,88;0,174;0,6;31,5518;188,69;0,244;1,24;0,581;4,8;15,21852859;0,468548387
Ocotea puberula;2;Ipiranga;08/08/2016;63,76;0,164;1,014;61,7014;208,65;0,36;0,99;0,45;4,8;NA;0,454545455
Ocotea puberula;4;Serra da Leoa;12/09/2016;63,25;0,16;0,74;37,1842;245,8;0,29;2,02;0,9;5,1;3,233708474;0,445544554
Ocotea puberula;3;Serra da Leoa;12/09/2016;61,88;0,182;0,644;28,7462;192,25;0,282;3,7;1,57;5,2;9,840754578;0,424324324
Ocotea puberula;1;Ipiranga;08/08/2016;57,26;0,14;1,026;69,617;202,47;0,376;1,39;0,55;5,5;11,71177901;0,395683453
Ocotea pulchella;1;Morro do Baú;12/12/2016;NA;0,23;0,764;28,1694;387,79;0,316;2,35;1,68;4,8;6,037737674;0,714893617
Ocotea pulchra;1;Spitz;16/04/2016;54,5;0,206;0,48;22,0212;459,39;0,222;1,74;0,96;5,3;10,08892937;0,551724138
Ocotea pulchra;3;Botuverá;17/02/2017;NA;0,18;0,442;NA;419,94;0,154;1,02;0,52;5,1;NA;0,509803922
Ocotea pulchra;2;Spitz;16/04/2016;61,46;0,222;0,424;18,0988;302,81;0,198;0,7;0,29;5;5,742211748;0,414285714
Ocotea silvestris;2;PMSF;21/09/2016;65,5;0,136;NA;20,333;228,67;0,136;1,7;0,93;5;4,605223605;0,547058824
Ocotea silvestris;1;PMSF;23/05/2016;55,5;0,13;0,242;17,3312;237,19;0,09;7,48;3,5;5;NA;0,467914439
Ouratea vaccinioides;2;Botuverá;17/02/2017;NA;0,148;0,13;NA;408,73;0,058;2,24;1,53;5,2;NA;0,683035714
Ouratea vaccinioides;5;Botuverá;17/02/2017;NA;0,192;0,21;NA;368,3;0,094;2,38;1,52;5,3;10,11459623;0,638655462
Ouratea vaccinioides;4;Botuverá;17/02/2017;NA;0,23;0,282;NA;343,33;0,142;0,86;0,52;5,2;NA;0,604651163
Ouratea vaccinioides;3;Botuverá;17/02/2017;NA;0,196;0,336;NA;339,33;0,148;1,75;1;5,2;NA;0,571428571
Ouratea vaccinioides;1;Botuverá;17/02/2017;NA;0,284;0,54;NA;336,51;0,224;0,84;0,4;5,1;NA;0,476190476
Pera glabrata;3;Braço Paula Ramos;09/06/2016;64,04;0,282;1,478;58,0408;334,45;0,544;0,68;0,38;5,6;5,24683959;0,558823529
Pera glabrata;5;PMSF;13/07/2016;58,42;0,17;1,428;82,0564;367,9;0,484;0,91;0,5;4,9;11,74784356;0,549450549
Pera glabrata;2;FURB;25/04/2016;65,48;0,228;1,108;43,5456;323,81;0,41;2,65;1,38;5;NA;0,520754717
Pera glabrata;4;PMSF;13/07/2016;54,98;0,152;1,116;66,7746;264,8;0,322;1,11;0,56;5,3;NA;0,504504505
Pera glabrata;6;Praia Vermelha;09/02/2017;NA;0,242;0,716;25,4834;294,02;0,266;1,4;0,66;5,2;5,277274578;0,471428571
Pera glabrata;1;FURB;25/04/2016;64,82;0,25;1,544;66,5456;157,75;0,538;1,14;0,53;4,9;NA;0,464912281
Piptadenia paniculata;4;Blumenau;30/06/2017;54,44;0,04;0,03;2,8474;70,6;0,01;1,22;0,62;5,2;NA;0,508196721
Piptadenia paniculata;3;Tirolesa;21/02/2017;NA;0,092;0,03;2,0036;99,31;0,016;1,54;0,72;5;NA;0,467532468
Piptadenia paniculata;1;Tirolesa;21/02/2017;NA;0,086;0,022;2,0654;112,93;0,016;2,96;1,09;5,1;NA;0,368243243
Piptadenia paniculata;5;Blumenau;30/06/2017;59,42;0,094;0,032;1,9228;96,8;0,016;2,22;0,81;4,8;NA;0,364864865
Piptadenia paniculata;2;Tirolesa;21/02/2017;NA;0,082;0,034;2,4974;100,34;0,008;2,56;0,77;5;NA;0,30078125
Piptocarpha angustifolia;2;Serra da Leoa;12/09/2016;46,58;0,1;0,206;9,5832;119,76;0,08;3,13;1,31;5,5;NA;0,418530351
Piptocarpha angustifolia;1;Botuverá;17/02/2017;NA;0,114;0,14;NA;153,68;0,076;1,87;0,77;5,2;3,865033085;0,411764706
Piptocarpha angustifolia;3;Santa terezinha;11/05/2017;NA;0,1;0,08;10,181;382,13;0,046;1,32;0,49;5;NA;0,371212121
Piptocarpha axillaris;4;Ipiranga;08/08/2016;43,58;0,302;1,672;59,199;386,27;0,58;1,15;0,53;4,4;NA;0,460869565
Piptocarpha axillaris;3;Ipiranga;08/08/2016;55,72;0,23;4,242;159,9948;284,49;1,65;1,26;0,57;5;NA;0,452380952
Piptocarpha axillaris;5;Ipiranga;08/08/2016;60,68;0,324;1,836;81,4692;321,03;0,928;2,11;0,8;5;5,820805093;0,379146919
Piptocarpha axillaris;2;Massaranduba;26/07/2016;58,66;0,212;3,154;124,1518;194,95;1,018;5,67;1,72;6;2,383619377;0,30335097
Piptocarpha axillaris;1;FURB;18/05/2016;54,24;0,354;2,002;60,3544;364,49;0,648;3;0,78;4,8;NA;0,26
Piptocarpha regnellii;5;Serra da Leoa;12/09/2016;54,62;0,284;0,514;19,2662;353,46;0,228;1,56;0,88;5;2,346743728;0,564102564
Piptocarpha regnellii;4;Botuverá;17/02/2017;NA;0,262;0,26;NA;285,95;0,138;0,75;0,39;5,2;NA;0,52
Piptocarpha regnellii;3;Serra da Leoa;12/09/2016;54,6;0,244;0,268;10,0068;376,22;0,12;1,09;0,48;4,2;NA;0,440366972
Piptocarpha regnellii;1;Serra da Leoa;12/09/2016;54,68;0,24;0,31;12,636;333,9;0,15;1,72;0,75;5;NA;0,436046512
Piptocarpha regnellii;7;Botuverá;17/02/2017;NA;0,27;0,27;NA;435,03;0,118;1,97;0,84;5,3;NA;0,426395939
Piptocarpha regnellii;2;Serra da Leoa;12/09/2016;50,24;0,252;0,324;12,8618;269,31;0,144;4,49;1,79;5,5;NA;0,398663697
Piptocarpha regnellii;6;Botuverá;17/02/2017;NA;0,228;0,234;NA;395,82;0,098;1,4;0,34;5,3;NA;0,242857143
Platymiscium floribundum;4;Serra da Leoa ;12/09/2016;43,04;0,154;0,366;23,1892;290,27;0,128;1,86;1,23;5,6;NA;0,661290323
Platymiscium floribundum;3;Serra da Leoa ;12/09/2016;49,68;0,13;0,448;32,1086;220,01;0,132;1,8;1,08;5,2;2,329603015;0,6
Platymiscium floribundum;2;Massaranduba;26/07/2016;47,76;0,184;0,942;49,6394;287,61;0,3;2,26;1,3;5;6,939785822;0,575221239
Platymiscium floribundum;1;Massaranduba;26/07/2016;54,06;0,16;0,642;46,7312;363,86;0,23;1,81;1,02;4,8;2,124993258;0,563535912
Platymiscium floribundum;5;Praia vermelha;09/02/2017;NA;0,13;0,53;29,3602;254,14;0,13;0,63;0,23;5,1;NA;0,365079365
Podocarpus lambertii;1;Curitiba;14/03/2017;NA;0,116;0,096;10,673;323,29;0,044;1,24;0,64;5,1;NA;0,516129032
Podocarpus lambertii;2;Curitiba;14/03/2017;NA;0,11;0,064;5,762;NA;0,02;1,15;0,56;5,1;NA;0,486956522
Podocarpus lambertii;4;Curitiba;14/03/2017;NA;0,114;0,07;8,917;418,77;0,028;0,79;0,38;5,2;NA;0,481012658
Podocarpus lambertii;5;Curitiba;14/03/2017;NA;0,14;0,098;9,311;483,54;0,036;1,04;0,5;5;NA;0,480769231
Podocarpus lambertii;3;Curitiba;14/03/2017;NA;0,084;0,038;5,759;NA;0,014;0,77;0,36;3,5;NA;0,467532468
Posoqueria latifolia;1;Braço Paula Ramos;09/06/2016;73,46;0,348;1,898;56,4194;463,32;0,62;1,33;0,66;5;NA;0,496240602
Posoqueria latifolia;5;Massranduba;26/07/2016;70,22;0,336;2,516;71,8246;713,89;0,858;3,38;1,66;5,3;8,145204897;0,49112426
Posoqueria latifolia;3;PMSF;13/07/2016;64,62;0,16;1,26;49,5896;353,5;0,26;1,67;0,8;6;NA;0,479041916
Posoqueria latifolia;2;Braço Paula Ramos;09/06/2016;79,59;0,408;NA;79,6456;666,56;1,206;1,89;0,88;5,5;NA;0,465608466
Posoqueria latifolia;4;Massranduba;26/07/2016;74,84;0,384;2,822;75,2828;457,09;0,97;3,8;1,64;5,6;0,943498291;0,431578947
Psychotria vellosiana;5;Faxinal do Bepe;08/09/2016;67,98;0,158;0,214;7,4462;221,1;0,08;NA;1,18;5,2;NA;#VALOR!
Psychotria vellosiana;1;Spitz;16/04/2016;66;0,236;0,356;12,7486;292,86;0,094;0,86;0,38;5,8;NA;0,441860465
Psychotria vellosiana;3;FURB;27/04/2016;64,12;0,0166;0,456;23,3382;259,07;0,132;3,75;1,55;5,5;NA;0,413333333
Psychotria vellosiana;2;Spitz;16/04/2016;69,81;0,182;0,188;8,3504;236,68;0,052;0,8;0,33;5;NA;0,4125
Psychotria vellosiana;4;FURB;27/04/2016;60,74;0,136;0,464;27,223;157,48;0,096;2,84;1,04;4,9;NA;0,366197183
Schefflera angustissima;3;Morro do Baú;12/12/2016;NA;0,33;0,76;20,0066;391,07;0,254;3,45;1,73;5,6;NA;0,501449275
Schefflera angustissima;4;Morro do Baú;12/12/2016;NA;0,29;0,366;8,859;394,35;0,116;1,8;0,65;4,9;9,33103957;0,361111111
Schefflera angustissima;5;Morro do Baú;12/12/2016;NA;0,32;0,916;17,94375;413,28;0,268;2,03;0,68;4,7;NA;0,334975369
Schefflera angustissima;2;Serr da Leoa;12/09/2016;68,18;0,308;2,086;57,4276;486,19;0,764;12,31;3,82;6,4;NA;0,310316816
Schefflera angustissima;1;PMSF;09/06/2016;60,02;0,102;0,684;44,4002;292,4;0,16;4,86;1,22;5,4;NA;0,251028807
Sessea regnellii;4;Ipiranga;08/08/2016;53,42;0,122;2,09;112,5186;118,57;0,53;0,62;0,48;5;7,90236247;0,774193548
Sessea regnellii;1;Ipiranga;08/08/2016;47,8;0,118;4,136;203,8894;120,23;0,984;2,59;0,98;4,5;4,918081875;0,378378378
Sessea regnellii;2;Ipiranga;08/08/2016;45,14;0,07;1,98;116,2502;47,98;0,366;2,63;0,96;5,1;NA;0,365019011
Sessea regnellii;3;Ipiranga;08/08/2016;49,62;0,134;3,256;190,189;73,75;0,62;3,17;1,13;5,2;28,23222276;0,356466877
Sessea regnellii;5;Tirolesa;21/02/2017;NA;0,226;6,346;260,9688;101,17;1,456;2,94;0,82;5,3;NA;0,278911565
Sloanea guianensis;1;PMSF;06/04/2016;47,8;0,2;0,6;57,96;396,92;0,28;1,16;0,73;4,8;NA;0,629310345
Sloanea guianensis;4;FURB;02/05/2016;57,94;0,115;0,76;64,9222;360,67;0,358;2,59;1,5;4,9;NA;0,579150579
Sloanea guianensis;5;PMSF;23/05/2016;53,08;0,108;1,204;87,5244;402,95;0,494;1,41;0,77;4,8;NA;0,546099291
Sloanea guianensis;3;PMSF;06/04/2016;49;0,2;1,12;89,5424;385,15;0,564;1,32;0,66;5,8;NA;0,5
Sloanea guianensis;2;PMSF;06/04/2016;60,1;0,19;0,78;73,9412;332,95;0,38;3,05;1,41;5,7;6,107666157;0,462295082
Solanum sanctaecatharinae;4;Ipiranga;08/08/2016;55,08;0,078;0,166;13,9034;36,89;0,038;0,97;0,65;5;2,683309459;0,670103093
Solanum sanctaecatharinae;5;Ipiranga;08/08/2016;58,1;0,118;0,41;26,5234;104,42;0,112;1,1;0,7;5;NA;0,636363636
Solanum sanctaecatharinae;2;Ipiranga;08/08/2016;58,06;0,13;0,342;21,3158;70,38;0,09;1,75;0,81;5,1;4,192845447;0,462857143
Solanum sanctaecatharinae;3;Ipiranga;08/08/2016;61,24;0,138;0,508;34,5214;104,53;0,142;1,79;0,68;5;NA;0,379888268
Syagrus romanzoffiana;3;FURB;02/05/2016;65,84;0,19;4,944;184,0426;NA;2,636;8,35;4,18;5,6;NA;0,500598802
Syagrus romanzoffiana;1;FURB;13/04/2016;60,18;0,208;2,99;117,2378;NA;1,526;4,86;2,37;5,3;NA;0,487654321
Syagrus romanzoffiana;2;FURB;13/04/2016;67,76;0,296;8,11;226,712;NA;4,074;15,27;6,78;7,2;NA;0,444007859
Syagrus romanzoffiana;4;Santa Terezinha;11/05/2017;NA;0,234;5,98;180,169;716,03;2,938;8,35;3,48;5,2;NA;0,416766467
Symplocos tenuifolia;1;UA 803;14/03/2017;NA;0,1;0,15;8,0812;141,35;NA;1,11;NA;5,1;NA;#VALOR!
Symplocos tenuifolia;3;Santa Terezinha;10/05/2017;NA;0,168;0,292;14,4096;349,14;0,112;0,88;0,48;5;NA;0,545454545
Symplocos tenuifolia;2;Tirolesa;21/02/2017;NA;0,176;0,24;10,9188;281,61;0,088;1,73;0,82;5,1;NA;0,473988439
Symplocos tenuifolia;5;Santa Terezinha;12/05/2017;NA;0,144;0,124;5,9694;109,25;0,038;1,8;0,71;5;NA;0,394444444
Symplocos tenuifolia;4;Santa Terezinha;11/05/2017;NA;0,162;0,222;9,8744;177,4;0,07;1,6;0,62;5;NA;0,3875
Tapirira guianensis;3;FURB;02/05/2016;NA;0,138;0,734;38,3132;169,67;0,276;1,23;0,54;4,5;NA;0,43902439
Tapirira guianensis;1;FURB;02/05/2016;NA;0,178;0,706;28,7848;228,45;0,312;3,46;1,47;4,3;NA;0,424855491
Tapirira guianensis;4;FURB;02/05/2016;NA;0,176;0,996;39,3422;217,92;0,416;4,89;2,06;5;NA;0,421267894
Tapirira guianensis;6;Praia Vermelha;09/02/2017;NA;0,228;0,862;28,2128;185,21;0,324;3;1,22;5,7;6,861854311;0,406666667
Tapirira guianensis;5;FURB;02/05/2016;NA;0,152;0,666;36,673;199,02;0,244;3,36;1,31;5,2;NA;0,389880952
Tapirira guianensis;2;FURB;02/05/2016;NA;0,168;0,82;41,5856;197,46;0,328;4,7;1,77;5,1;NA;0,376595745
Tetrorchidium rubrivenium;1;Praia Vermelha;09/02/2017;NA;0,326;2,556;69,1694;227,78;0,612;1,68;0,64;5,1;NA;0,380952381
Tetrorchidium rubrivenium;5;Praia Vermelha;13/02/2017;NA;0,35;1,568;38,5826;139,12;0,404;1,3;0,41;5,3;NA;0,315384615
Tetrorchidium rubrivenium;3;Praia Vermelha;11/02/2017;NA;0,254;0,788;24,2124;314,7;0,14;1,6;0,4;5,3;NA;0,25
Tetrorchidium rubrivenium;2;Praia Vermelha;10/02/2017;NA;0,278;1,676;49,2532;274,21;0,32;4,09;0,88;5;NA;0,215158924
Tetrorchidium rubrivenium;4;Praia Vermelha;12/02/2017;NA;0,256;2,66;63,5284;192,53;0,488;5,03;0,94;5,9;NA;0,186878728
Vantanea compacta;1;Spitz;16/04/2016;64,58;0,318;0,51;15,5556;336,12;0,206;1,79;0,94;5,7;NA;0,525139665
Vernonanthura discolor;2;Ipiranga;08/08/2016;48,62;0,334;1,248;44,9736;328,61;0,466;1,42;0,76;5;3,323340264;0,535211268
Vernonanthura discolor;5;Faxinal do Bepe;06/09/2016;42,84;0,174;0,282;16,0926;414,59;0,156;4,03;1,99;5;NA;0,493796526
Vernonanthura discolor;3;Ipiranga;08/08/2016;61,54;0,312;2,768;60,4322;NA;0,576;1,41;0,57;4,9;NA;0,404255319
Vernonanthura discolor;4;Ipiranga;08/08/2016;62,18;0,234;1,456;99,0288;176,4;1,068;1,71;0,66;5;NA;0,385964912
Vernonanthura discolor;1;Braço Paula Ramos;09/06/2016;52,92;0,164;1,618;87,1318;146,44;0,628;1,64;0,48;5,1;NA;0,292682927
Vernonanthura montevidensis;3;Santa Terezinha;12/05/2017;NA;0,106;0,08;3,577;45,27;0,022;1,26;0,75;5,1;NA;0,595238095
Vernonanthura montevidensis;4;Santa Terezinha;13/05/2017;NA;0,18;0,056;1,9826;NA;0,02;3,52;1,8;5,1;NA;0,511363636
Vernonanthura montevidensis;5;Santa Terezinha;14/05/2017;NA;0,104;0,144;5,3876;113,89;0,03;2,05;0,8;5;NA;0,390243902
Vernonanthura montevidensis;2;Santa Terezinha;11/05/2017;NA;0,144;0,208;8,8174;145,49;0,092;0,92;0,35;5,1;NA;0,380434783
Vernonanthura montevidensis;1;Santa Terezinha;10/05/2017;67,27;0,108;0,098;4,7694;86,84;0,02;1,72;0,57;5;NA;0,331395349
Virola bicuhyba;2;PMSF;23/05/2016;65,46;0,156;0,982;43,0772;233,65;0,282;3,9;1,31;5;NA;0,335897436
Virola bicuhyba;4;PMSF;06/06/2016;66,62;0,16;0,97;51,1372;205,32;0,232;4,22;1,34;5,5;15,48829915;0,317535545
Virola bicuhyba;3;PMSF;06/06/2016;62,18;0,154;1,07;51,1004;192,35;0,23;0,81;0,24;5,3;16,02567533;0,296296296
Virola bicuhyba;1;PMSF;23/05/2016;67,28;0,178;1,396;60,9518;109,17;0,358;0,92;0,27;5,8;NA;0,293478261
Virola bicuhyba;5;PMSF;13/07/2016;NA;0,132;1,332;59,8922;259,42;0,334;3,37;0,93;5;2,624496709;0,275964392
Xylopia brasiliensis;1;FURB;25/04/2016;67,18;0,076;0,046;4,4334;86,68;0,018;0,85;0,46;5,4;NA;0,541176471
Xylopia brasiliensis;3;FURB;25/04/2016;61,77;0,088;0,04;3,7964;115,96;0,014;4,37;2,14;5,1;NA;0,489702517
Xylopia brasiliensis;4;FURB;27/04/2016;62,9;0,096;0,078;5,9924;106,76;0,03;1,05;0,47;5,3;16,36901085;0,447619048
Xylopia brasiliensis;5;PMSF;13/07/2016;59,04;0,066;0,05;4,7884;174,21;0,02;1,25;0,54;6;NA;0,432
Xylopia brasiliensis;2;FURB;25/04/2016;57,8;0,078;0,09;7,063;64,56;0,036;1,97;0,43;4,3;9,691332187;0,218274112
