UA;Agonandra excelsa;Alsophila setosa;Annona emarginata;Aspidosperma parvifolium;Byrsonima ligustrifolia;Calyptranthes concinna;Campomanesia xanthocarpa;Casearia sylvestris;Cedrela fissilis;Cinnamomum sellowianum;Clethra scabra;Cryptocarya aschersoniana;Cryptocarya mandioccana;Cupania vernalis;Cyathea corcovadensis;Cyathea phalerata;Dalbergia brasiliensis;Eugenia involucrata;Gochnatia polymorpha;Guatteria australis;Ilex brevicuspis;Ilex dumosa;Ilex theezans;Jacaranda micrantha;Lithrea brasiliensis;Machaerium hirtum;Matayba intermedia;Mollinedia clavigera;Myrcia catharinensis;Myrcia palustris;Myrcia splendens;Myrsine coriacea;Myrsine gardneriana;Myrsine parvula;Myrsine umbellata;Nectandra lanceolata;Ocotea glaziovii;Ocotea indecora;Ocotea nectandrifolia;Ocotea odorifera;Ocotea porosa;Ocotea puberula;Ocotea silvestris;Pinus elliottii;Piptocarpha axillaris;Piptocarpha regnellii;Psychotria vellosiana;Roupala montana;Syagrus romanzoffiana;Vernonanthura discolor;Alchornea triplinervia;Cabralea canjerana;Chionanthus trichotomus;Cinnamodendron dinisii;Coussarea contracta;Dicksonia sellowiana;Drimys brasiliensis;Ilex paraguariensis;Lamanonia ternata;Meliosma sellowii;Myrcia pulchra;Myrcia retorta;Nectandra megapotamica;Ocotea corymbosa;Ocotea daphnifolia;Ocotea pulchella;Persea alba;Persea willdenovii;Piptocarpha angustifolia;Prunus myrtifolia;Symplocos glandulosomarginata;Symplocos tetrandra;Tibouchina sellowiana;Albizia edwallii;Allophylus edulis;Aniba firmula;Annona cacans;Annona neosalicifolia;Annona sylvatica;Calyptranthes grandifolia;Cordia ecalyculata;Eugenia multicostata;Eugenia ramboi;Ficus luschnathiana;Hovenia dulcis;Inga marginata;Lonchocarpus cultratus;Luehea divaricata;Machaerium stipitatum;Myrcia pubipetala;Myrocarpus frondosus;Ocotea catharinensis;Piptadenia paniculata;Pseudobombax grandiflorum;Ruprechtia laxiflora;Schefflera morototoni;Schinus terebinthifolius;Seguieria aculeata;Sessea regnellii;Solanum sanctaecatharinae;Sorocea bonplandii;Tabernaemontana catharinensis;Tetrorchidium rubrivenium;Zollernia ilicifolia;Aspidosperma australe;Casearia decandra;Chionanthus micranthus;Cinnamomum ;Cinnamomum hatschbachii;Coccoloba warmingii;Erythroxylum cuneifolium;Inga sessilis;Jacaranda puberula;Myrceugenia myrcioides;Myrcia brasiliensis;Myrcia guianensis;Nectandra puberula;Ocotea bicolor;Ocotea vaccinioides;Ormosia arborea;Pera glabrata;Pimenta pseudocaryophyllus;Piptocarpha organensis;Plinia pseudodichasiantha;Posoqueria latifolia;Pterocarpus rohrii;Schefflera angustissima;Sloanea hirsuta;Solanum bullatum;Styrax acuminatus;Symplocos tenuifolia;Zanthoxylum rhoifolium;Alseis floribunda;Casearia obliqua;Chionanthus filiformis;Chrysophyllum gonocarpum;Chrysophyllum inornatum;Chrysophyllum viride;Cinnamomum glaziovii;Citronella paniculata;Copaifera trapezifolia;Coutarea hexandra;Duguetia lanceolata;Eugenia beaurepairiana;Eugenia cereja;Eugenia handroana;Eugenia rostrifolia;Guapira opposita;Heisteria silvianii;Machaerium paraguariense;Maytenus gonoclada;Mollinedia triflora;Muellera campestris;Myrcia anacardiifolia;Myrcia glabra;Myrcia neotomentosa;Nectandra oppositifolia;Ocotea elegans;Pisonia ambigua;Plinia rivularis;Trema micrantha;Cordiera concolor;Daphnopsis fasciculata;Erythroxylum deciduum;Ficus cestrifolia;Ilex microdonta;Machaerium brasiliense;Myrcia aethusa;Myrcia excoriata;Nectandra grandiflora;Sapium glandulosum;Weinmannia paulliniifolia;Alchornea glandulosa;Alchornea sidifolia;Annona neosericea;Bathysa australis;Coussapoa microcarpa;Cyathea delgadii;Endlicheria paniculata;Ficus adhatodifolia;Guarea macrophylla;Hieronyma alchorneoides;Nectandra leucantha;Seguieria langsdorffii;Solanum pseudoquina;Aspidosperma tomentosum;Campomanesia guaviroba;Magnolia ovata;Matayba elaeagnoides;Miconia cabucu;Nectandra membranacea;Ocotea mandioccana;Xylosma pseudosalzmannii;Abarema langsdorffii;Boehmeria caudata;Buchenavia kleinii;Calyptranthes lucida;Chrysophyllum marginatum;Eugenia verticillata;Euterpe edulis;Phytolacca dioica;Vernonanthura divaricata;Vernonanthura puberula;Actinostemon concolor;Aiouea saligna;Brosimum lactescens;Eugenia bacopari;Faramea montevidensis;Hirtella hebeclada;Miconia budlejoides;Myrcia neoriedeliana;Myrcia tijucensis;Pausandra morisiana;Protium kleinii;Psychotria nuda;Rudgea jasminoides;Tapirira guianensis;Virola bicuhyba;Xylopia brasiliensis;Aegiphila integrifolia;Amaioua guianensis;Aspidosperma ramiflorum;Cecropia glaziovii;Eugenia brevistyla;Eugenia kleinii;Inga sellowiana;Inga vera;Jacaratia spinosa;Marlierea silvatica;Maytenus muelleri;Neomitranthes glomerata;Sloanea guianensis;Trichilia lepidota;Calyptranthes strigipes;Clusia criuva;Cordia silvestris;Dalbergia frutescens;Garcinia gardneriana;Miconia cinnamomifolia;Myrceugenia ovalifolia;Myrcia dichrophylla;Myrcia spectabilis;Myrsine lancifolia;Ocotea aciphylla;Ocotea lanata;Ocotea lancifolia;Ocotea pulchra;Podocarpus sellowii;Psidium longipetiolatum;Psidium myrtoides;Vantanea compacta;Clethra uleana;Esenbeckia grandiflora;Eugenia brasiliensis;Eugenia cerasiflora;Laplacea fructicosa;Ouratea parviflora;Blepharocalyx salicifolius;Calyptranthes pileata;Eugenia melanogyna;Miconia cubatanensis;Myrceugenia bracteosa;Myrceugenia seriatoramosa;Ouratea vaccinioides;Pouteria venosa;Siphoneugena reitzii;Tibouchina dusenii;Mollinedia schottiana;Myrcia undulata;Tocoyena sellowiana;Vitex megapotamica;Bauhinia forficata;Campomanesia reitziana;Eugenia excelsa;Eugenia neoverrucosa;Solanum rufescens;Podocarpus lambertii;Andira fraxinifolia;Aparisthmium cordatum;Brosimum glaziovii;Ficus gomelleira;Handroanthus umbellatus;Maclura tinctoria;Piptadenia gonoacantha;Platymiscium floribundum;Psychotria carthagenensis;Schizolobium parahyba;Casearia lasiophylla;Luetzelburgia guaissara;Mimosa scabrella;Mollinedia blumenaviana;Myrceugenia cucullata;Solanum reitzii;Eugenia umbellata;Myrciaria floribunda;Cariniana estrellensis;Cinnamomum triplinerve;Erythrina falcata;Inga edulis;Tibouchina pulchra;Vernonanthura montevidensis;Miconia valtheri;Cinnamomum pseudoglaziovii;Eugenia nutans;Myrcia heringii;Psychotria suterella;Symplocos nitidiflora;Weinmannia discolor;Allophylus petiolulatus;Hedyosmum brasiliense;Pourouma guianensis;Marlierea reitzii;Myrcia flagellaris;Psidium cattleianum;Pachystroma longifolium;Myrsine hermogenesii;Ocotea dispersa;Quiina glazovii;Trichilia casaretti;Tibouchina granulosa;Cyathea atrovirens;Styrax glabratus;Eugenia pruinosa;Manilkara subsericea;Attalea dubia;Colubrina glandulosa;Dahlstedtia muehlbergiana;Myrsine parvifolia;Zanthoxylum petiolare;Baccharis oreophila;Bougainvillea glabra;Cordia trichotoma;Hennecartia omphalandra;Urera baccifera;Symplocos estrellensis;Croton macrobothrys;Diospyros inconstans;Eugenia platysema;Sloanea garckeana;Cyathea gardneri;Myrceugenia miersiana;Solanum mauritianum;Cestrum intermedium;Holocalyx balansae;Myrcia hatschbachii;Trichilia clausseni;Diatenopteryx sorbifolia;Cupania oblongifolia;Calyptranthes tricona;Inga subnuda;Calophyllum brasiliense;Ilex pseudobuxus;Miconia ligustroides;Tibouchina trichopoda;Calyptranthes hatschbachii;Myrsine venosa;Symplocos corymboclados;Ilex taubertiana
309;5,780346821;20,23121387;2,89017341;2,89017341;2,89017341;5,780346821;5,780346821;23,12138728;2,89017341;66,47398844;83,8150289;14,45086705;11,56069364;14,45086705;2,89017341;2,89017341;8,670520231;37,57225434;40,46242775;106,9364162;2,89017341;11,56069364;5,780346821;2,89017341;8,670520231;8,670520231;2,89017341;2,89017341;5,780346821;14,45086705;23,12138728;2,89017341;14,45086705;20,23121387;11,56069364;2,89017341;5,780346821;5,780346821;5,780346821;8,670520231;28,9017341;8,670520231;5,780346821;5,780346821;20,23121387;5,780346821;46,24277457;5,780346821;2,89017341;20,23121387;0;0;0;0;0;0;0;0;0;0;0;0;0;0;0;0;0;0;0;0;0;0;0;0;0;0;0;0;0;0;0;0;0;0;0;0;0;0;0;0;0;0;0;0;0;0;0;0;0;0;0;0;0;0;0;0;0;0;0;0;0;0;0;0;0;0;0;0;0;0;0;0;0;0;0;0;0;0;0;0;0;0;0;0;0;0;0;0;0;0;0;0;0;0;0;0;0;0;0;0;0;0;0;0;0;0;0;0;0;0;0;0;0;0;0;0;0;0;0;0;0;0;0;0;0;0;0;0;0;0;0;0;0;0;0;0;0;0;0;0;0;0;0;0;0;0;0;0;0;0;0;0;0;0;0;0;0;0;0;0;0;0;0;0;0;0;0;0;0;0;0;0;0;0;0;0;0;0;0;0;0;0;0;0;0;0;0;0;0;0;0;0;0;0;0;0;0;0;0;0;0;0;0;0;0;0;0;0;0;0;0;0;0;0;0;0;0;0;0;0;0;0;0;0;0;0;0;0;0;0;0;0;0;0;0;0;0;0;0;0;0;0;0;0;0;0;0;0;0;0;0;0;0;0;0;0;0;0;0;0;0;0;0;0;0;0;0;0;0;0;0;0;0;0;0;0;0;0;0;0;0;0;0;0;0;0;0;0;0;0;0;0;0;0;0;0;0;0;0;0;0;0;0;0;0;0;0;0
340;0;0;0;0;5;0;0;0;2,5;0;7,5;0;0;0;0;0;0;0;0;17,5;0;0;2,5;0;0;0;0;2,5;2,5;0;5;12,5;0;0;20;0;0;0;2,5;12,5;0;0;0;0;2,5;40;10;0;0;5;27,5;35;2,5;2,5;2,5;17,5;7,5;2,5;10;2,5;5;10;12,5;7,5;10;2,5;5;10;10;5;5;5;7,5;0;0;0;0;0;0;0;0;0;0;0;0;0;0;0;0;0;0;0;0;0;0;0;0;0;0;0;0;0;0;0;0;0;0;0;0;0;0;0;0;0;0;0;0;0;0;0;0;0;0;0;0;0;0;0;0;0;0;0;0;0;0;0;0;0;0;0;0;0;0;0;0;0;0;0;0;0;0;0;0;0;0;0;0;0;0;0;0;0;0;0;0;0;0;0;0;0;0;0;0;0;0;0;0;0;0;0;0;0;0;0;0;0;0;0;0;0;0;0;0;0;0;0;0;0;0;0;0;0;0;0;0;0;0;0;0;0;0;0;0;0;0;0;0;0;0;0;0;0;0;0;0;0;0;0;0;0;0;0;0;0;0;0;0;0;0;0;0;0;0;0;0;0;0;0;0;0;0;0;0;0;0;0;0;0;0;0;0;0;0;0;0;0;0;0;0;0;0;0;0;0;0;0;0;0;0;0;0;0;0;0;0;0;0;0;0;0;0;0;0;0;0;0;0;0;0;0;0;0;0;0;0;0;0;0;0;0;0;0;0;0;0;0;0;0;0;0;0;0;0;0;0;0;0;0;0;0;0;0;0;0;0;0;0;0;0;0;0;0;0;0;0;0;0;0;0;0;0;0;0;0;0;0;0;0
377;0;3,225806452;0;0;0;0;6,451612903;64,51612903;6,451612903;0;0;0;0;41,93548387;0;0;0;0;0;0;0;0;0;0;0;0;0;0;0;0;0;0;0;0;3,225806452;0;0;0;0;19,35483871;0;32,25806452;51,61290323;0;0;0;6,451612903;0;3,225806452;0;0;74,19354839;0;0;0;0;0;0;0;0;0;0;3,225806452;0;0;0;0;0;3,225806452;0;0;0;0;3,225806452;64,51612903;3,225806452;3,225806452;3,225806452;16,12903226;3,225806452;6,451612903;6,451612903;3,225806452;3,225806452;12,90322581;32,25806452;25,80645161;16,12903226;16,12903226;6,451612903;6,451612903;3,225806452;32,25806452;6,451612903;6,451612903;3,225806452;16,12903226;3,225806452;12,90322581;45,16129032;12,90322581;29,03225806;12,90322581;3,225806452;0;0;0;0;0;0;0;0;0;0;0;0;0;0;0;0;0;0;0;0;0;0;0;0;0;0;0;0;0;0;0;0;0;0;0;0;0;0;0;0;0;0;0;0;0;0;0;0;0;0;0;0;0;0;0;0;0;0;0;0;0;0;0;0;0;0;0;0;0;0;0;0;0;0;0;0;0;0;0;0;0;0;0;0;0;0;0;0;0;0;0;0;0;0;0;0;0;0;0;0;0;0;0;0;0;0;0;0;0;0;0;0;0;0;0;0;0;0;0;0;0;0;0;0;0;0;0;0;0;0;0;0;0;0;0;0;0;0;0;0;0;0;0;0;0;0;0;0;0;0;0;0;0;0;0;0;0;0;0;0;0;0;0;0;0;0;0;0;0;0;0;0;0;0;0;0;0;0;0;0;0;0;0;0;0;0;0;0;0;0;0;0;0;0;0;0;0;0;0;0;0;0;0;0;0;0;0;0;0;0;0;0;0;0;0;0;0;0;0;0;0;0;0;0;0;0;0;0;0;0;0;0;0;0;0;0;0;0;0;0;0;0;0;0;0;0;0;0;0;0;0;0;0;0
383;0;135,8024691;0;0;9,259259259;0;0;0;3,086419753;9,259259259;18,51851852;9,259259259;52,4691358;12,34567901;0;0;0;3,086419753;0;12,34567901;0;6,172839506;33,95061728;0;0;0;0;0;21,60493827;0;18,51851852;0;0;3,086419753;61,72839506;0;0;3,086419753;0;24,69135802;0;3,086419753;3,086419753;0;9,259259259;15,43209877;120,3703704;6,172839506;0;12,34567901;0;9,259259259;0;0;6,172839506;3,086419753;0;46,2962963;0;0;0;3,086419753;0;12,34567901;0;0;0;0;3,086419753;0;3,086419753;0;0;0;0;0;3,086419753;0;3,086419753;0;0;0;0;0;0;0;0;6,172839506;6,172839506;0;0;0;0;0;0;0;0;0;0;0;0;0;0;0;3,086419753;9,259259259;3,086419753;12,34567901;6,172839506;6,172839506;3,086419753;3,086419753;3,086419753;3,086419753;3,086419753;6,172839506;12,34567901;9,259259259;6,172839506;9,259259259;3,086419753;12,34567901;6,172839506;3,086419753;12,34567901;9,259259259;3,086419753;3,086419753;3,086419753;3,086419753;6,172839506;3,086419753;0;0;0;0;0;0;0;0;0;0;0;0;0;0;0;0;0;0;0;0;0;0;0;0;0;0;0;0;0;0;0;0;0;0;0;0;0;0;0;0;0;0;0;0;0;0;0;0;0;0;0;0;0;0;0;0;0;0;0;0;0;0;0;0;0;0;0;0;0;0;0;0;0;0;0;0;0;0;0;0;0;0;0;0;0;0;0;0;0;0;0;0;0;0;0;0;0;0;0;0;0;0;0;0;0;0;0;0;0;0;0;0;0;0;0;0;0;0;0;0;0;0;0;0;0;0;0;0;0;0;0;0;0;0;0;0;0;0;0;0;0;0;0;0;0;0;0;0;0;0;0;0;0;0;0;0;0;0;0;0;0;0;0;0;0;0;0;0;0;0;0;0;0;0;0;0;0;0;0;0;0;0;0;0;0;0;0;0;0;0;0;0;0;0;0;0;0;0;0;0;0;0;0;0;0;0;0;0;0;0;0;0;0;0;0;0;0;0;0;0;0;0;0;0;0;0
421;0;212,5;0;27,5;0;0;0;5;7,5;0;0;45;2,5;2,5;0;0;0;0;0;12,5;0;0;0;0;0;0;2,5;0;0;0;0;0;0;0;2,5;0;0;0;7,5;15;0;0;0;0;2,5;0;7,5;5;0;0;5;5;0;0;0;0;0;0;2,5;25;0;0;0;0;0;0;0;0;2,5;2,5;0;0;0;0;7,5;0;0;0;0;2,5;2,5;0;0;0;0;7,5;0;0;0;2,5;0;47,5;0;2,5;0;0;0;0;0;2,5;5;0;0;0;2,5;0;0;0;0;12,5;0;7,5;0;0;0;0;0;0;0;0;2,5;0;0;0;2,5;0;7,5;0;0;5;0;7,5;5;15;2,5;2,5;22,5;2,5;15;12,5;22,5;7,5;2,5;20;2,5;2,5;2,5;2,5;2,5;2,5;12,5;2,5;2,5;2,5;2,5;2,5;5;7,5;7,5;5;5;0;0;0;0;0;0;0;0;0;0;0;0;0;0;0;0;0;0;0;0;0;0;0;0;0;0;0;0;0;0;0;0;0;0;0;0;0;0;0;0;0;0;0;0;0;0;0;0;0;0;0;0;0;0;0;0;0;0;0;0;0;0;0;0;0;0;0;0;0;0;0;0;0;0;0;0;0;0;0;0;0;0;0;0;0;0;0;0;0;0;0;0;0;0;0;0;0;0;0;0;0;0;0;0;0;0;0;0;0;0;0;0;0;0;0;0;0;0;0;0;0;0;0;0;0;0;0;0;0;0;0;0;0;0;0;0;0;0;0;0;0;0;0;0;0;0;0;0;0;0;0;0;0;0;0;0;0;0;0;0;0;0;0;0;0;0;0;0;0;0;0;0;0;0;0;0;0;0;0;0;0;0;0;0;0;0;0;0;0;0;0;0;0;0;0;0;0
422;0;7,894736842;0;0;10,52631579;0;0;0;5,263157895;0;2,631578947;65,78947368;2,631578947;2,631578947;0;0;0;13,15789474;0;13,15789474;0;5,263157895;13,15789474;7,894736842;0;0;0;0;2,631578947;0;2,631578947;2,631578947;0;0;2,631578947;0;5,263157895;0;5,263157895;10,52631579;2,631578947;0;0;0;0;2,631578947;84,21052632;5,263157895;13,15789474;0;42,10526316;10,52631579;0;0;7,894736842;5,263157895;2,631578947;0;18,42105263;0;0;0;5,263157895;5,263157895;0;0;0;0;7,894736842;2,631578947;5,263157895;0;2,631578947;0;0;0;0;0;0;0;0;0;0;0;0;0;0;0;0;0;0;0;0;0;0;2,631578947;0;0;0;0;7,894736842;0;0;0;0;5,263157895;2,631578947;0;0;2,631578947;0;0;0;2,631578947;0;0;0;0;7,894736842;0;0;0;0;0;2,631578947;0;2,631578947;7,894736842;0;0;0;0;0;0;0;0;0;0;0;0;0;0;0;0;0;0;0;0;0;0;7,894736842;0;0;0;0;0;0;7,894736842;0;0;0;5,263157895;2,631578947;7,894736842;2,631578947;18,42105263;10,52631579;5,263157895;2,631578947;26,31578947;10,52631579;2,631578947;0;0;0;0;0;0;0;0;0;0;0;0;0;0;0;0;0;0;0;0;0;0;0;0;0;0;0;0;0;0;0;0;0;0;0;0;0;0;0;0;0;0;0;0;0;0;0;0;0;0;0;0;0;0;0;0;0;0;0;0;0;0;0;0;0;0;0;0;0;0;0;0;0;0;0;0;0;0;0;0;0;0;0;0;0;0;0;0;0;0;0;0;0;0;0;0;0;0;0;0;0;0;0;0;0;0;0;0;0;0;0;0;0;0;0;0;0;0;0;0;0;0;0;0;0;0;0;0;0;0;0;0;0;0;0;0;0;0;0;0;0;0;0;0;0;0;0;0;0;0;0;0;0;0;0;0;0;0;0;0;0;0;0;0;0;0;0;0;0;0;0;0;0;0;0;0;0;0;0;0;0;0;0;0;0;0
423;0;150;0;0;0;0;5;20;15;0;0;0;0;25;0;0;0;0;12,5;0;0;0;0;0;0;2,5;0;0;0;0;0;15;0;0;5;0;0;0;0;0;0;70;2,5;0;0;0;7,5;0;7,5;5;25;25;0;0;0;0;0;0;0;0;0;0;2,5;0;0;0;0;0;0;0;0;0;0;2,5;12,5;2,5;2,5;0;0;2,5;0;0;0;7,5;22,5;12,5;0;0;10;0;0;2,5;7,5;0;0;0;0;0;30;0;2,5;0;0;0;0;0;0;0;0;0;0;2,5;0;0;0;0;0;0;0;0;0;0;0;0;0;0;0;0;0;0;0;2,5;0;10;0;0;2,5;0;10;0;0;0;0;0;0;0;0;5;7,5;10;0;0;45;0;0;0;5;0;0;0;27,5;0;0;0;2,5;0;0;0;0;0;0;0;5;5;30;35;2,5;52,5;2,5;5;2,5;35;20;7,5;2,5;0;0;0;0;0;0;0;0;0;0;0;0;0;0;0;0;0;0;0;0;0;0;0;0;0;0;0;0;0;0;0;0;0;0;0;0;0;0;0;0;0;0;0;0;0;0;0;0;0;0;0;0;0;0;0;0;0;0;0;0;0;0;0;0;0;0;0;0;0;0;0;0;0;0;0;0;0;0;0;0;0;0;0;0;0;0;0;0;0;0;0;0;0;0;0;0;0;0;0;0;0;0;0;0;0;0;0;0;0;0;0;0;0;0;0;0;0;0;0;0;0;0;0;0;0;0;0;0;0;0;0;0;0;0;0;0;0;0;0;0;0;0;0;0;0;0;0;0;0;0;0;0;0;0;0;0;0;0;0;0;0;0;0;0;0;0;0;0;0;0;0;0;0
457;0;0;35;0;0;0;0;42,5;5;0;2,5;0;0;62,5;0;0;0;0;0;0;0;0;0;0;0;0;0;0;0;0;0;30;0;0;12,5;5;0;0;0;0;0;75;0;0;0;0;2,5;0;52,5;2,5;0;2,5;0;0;0;5;0;0;0;0;0;0;42,5;0;0;0;0;10;0;0;0;0;0;0;35;0;0;0;0;0;0;0;0;0;85;2,5;0;0;15;0;5;0;90;0;0;0;0;0;12,5;0;0;0;7,5;0;0;12,5;0;0;0;0;0;0;0;0;0;0;0;0;0;0;0;0;0;0;0;0;0;0;0;0;0;7,5;2,5;0;0;0;0;0;0;0;0;0;0;0;0;0;0;0;0;0;0;0;45;0;0;0;0;0;0;0;0;0;0;0;0;0;55;0;0;0;5;0;0;2,5;0;0;0;0;2,5;0;0;2,5;0;2,5;0;10;15;2,5;40;2,5;5;12,5;2,5;0;0;0;0;0;0;0;0;0;0;0;0;0;0;0;0;0;0;0;0;0;0;0;0;0;0;0;0;0;0;0;0;0;0;0;0;0;0;0;0;0;0;0;0;0;0;0;0;0;0;0;0;0;0;0;0;0;0;0;0;0;0;0;0;0;0;0;0;0;0;0;0;0;0;0;0;0;0;0;0;0;0;0;0;0;0;0;0;0;0;0;0;0;0;0;0;0;0;0;0;0;0;0;0;0;0;0;0;0;0;0;0;0;0;0;0;0;0;0;0;0;0;0;0;0;0;0;0;0;0;0;0;0;0;0;0;0;0;0;0;0;0;0;0;0;0;0;0;0;0;0;0;0;0;0;0;0;0;0;0;0;0;0;0;0
460;0;207,8947368;0;0;7,894736842;0;0;0;5,263157895;0;0;2,631578947;18,42105263;0;0;65,78947368;0;0;0;18,42105263;0;0;0;0;0;0;0;0;5,263157895;0;2,631578947;0;0;0;0;0;0;0;7,894736842;2,631578947;0;0;2,631578947;0;0;0;10,52631579;0;0;2,631578947;26,31578947;21,05263158;2,631578947;0;0;0;0;0;0;7,894736842;0;0;0;0;0;0;0;0;2,631578947;0;0;0;0;0;0;15,78947368;0;0;0;0;0;0;0;0;0;0;0;0;0;0;0;7,894736842;2,631578947;0;0;0;0;0;0;2,631578947;2,631578947;0;0;2,631578947;13,15789474;0;0;0;0;0;0;13,15789474;0;0;0;0;0;0;0;0;0;0;0;0;0;0;0;0;5,263157895;0;0;0;0;0;0;2,631578947;0;0;2,631578947;0;15,78947368;0;7,894736842;0;0;0;0;0;0;0;2,631578947;5,263157895;0;0;0;0;0;15,78947368;0;0;15,78947368;0;0;0;0;0;0;0;0;0;10,52631579;0;0;0;0;13,15789474;0;5,263157895;0;0;0;0;0;0;2,631578947;0;0;0;0;0;0;0;0;7,894736842;2,631578947;2,631578947;2,631578947;2,631578947;2,631578947;52,63157895;5,263157895;15,78947368;5,263157895;0;0;0;0;0;0;0;0;0;0;0;0;0;0;0;0;0;0;0;0;0;0;0;0;0;0;0;0;0;0;0;0;0;0;0;0;0;0;0;0;0;0;0;0;0;0;0;0;0;0;0;0;0;0;0;0;0;0;0;0;0;0;0;0;0;0;0;0;0;0;0;0;0;0;0;0;0;0;0;0;0;0;0;0;0;0;0;0;0;0;0;0;0;0;0;0;0;0;0;0;0;0;0;0;0;0;0;0;0;0;0;0;0;0;0;0;0;0;0;0;0;0;0;0;0;0;0;0;0;0;0;0;0;0;0;0;0;0;0;0;0;0;0;0;0;0;0;0;0;0;0;0;0;0;0
464;0;77,5;0;22,5;0;0;0;5;7,5;0;0;22,5;0;0;0;0;0;0;0;17,5;0;0;0;0;0;0;7,5;7,5;0;0;0;0;0;0;0;0;0;0;0;0;0;0;5;0;7,5;0;10;0;0;0;50;17,5;0;2,5;0;0;0;0;0;15;0;0;0;12,5;0;0;0;0;0;0;0;0;0;0;0;12,5;0;0;0;2,5;0;0;0;5;0;0;0;0;0;7,5;0;25;0;2,5;0;0;0;0;0;2,5;0;0;2,5;0;0;0;0;0;0;5;0;22,5;0;2,5;0;0;0;0;0;5;0;0;0;0;7,5;0;0;0;0;0;0;0;0;0;0;0;0;0;2,5;5;15;0;0;10;5;0;0;7,5;5;0;2,5;0;0;0;0;0;7,5;5;0;0;0;2,5;0;0;0;0;0;0;0;0;0;0;2,5;0;0;45;7,5;0;0;0;0;15;5;0;0;0;0;2,5;0;2,5;0;2,5;0;2,5;0;2,5;0;0;0;45;0;0;0;10;7,5;12,5;2,5;2,5;15;2,5;5;5;5;7,5;2,5;2,5;2,5;15;5;0;0;0;0;0;0;0;0;0;0;0;0;0;0;0;0;0;0;0;0;0;0;0;0;0;0;0;0;0;0;0;0;0;0;0;0;0;0;0;0;0;0;0;0;0;0;0;0;0;0;0;0;0;0;0;0;0;0;0;0;0;0;0;0;0;0;0;0;0;0;0;0;0;0;0;0;0;0;0;0;0;0;0;0;0;0;0;0;0;0;0;0;0;0;0;0;0;0;0;0;0;0;0;0;0;0;0;0;0;0;0;0;0;0;0;0;0;0;0;0;0;0;0;0;0;0;0;0;0;0;0;0;0;0;0;0;0;0;0
465;0;92,5;0;15;7,5;0;0;5;5;0;0;20;0;0;0;0;0;0;0;2,5;0;0;0;0;0;0;5;0;0;0;0;0;0;0;0;0;2,5;0;2,5;5;0;0;2,5;0;0;0;20;0;0;0;105;10;0;0;0;0;0;0;0;7,5;0;0;0;0;0;0;0;0;2,5;0;0;0;0;2,5;5;0;0;0;0;2,5;0;5;0;0;0;2,5;0;0;0;12,5;0;7,5;0;0;0;0;0;0;0;2,5;5;0;0;0;0;0;0;0;0;0;0;12,5;0;0;0;0;0;0;0;0;2,5;0;0;0;0;0;0;0;0;0;0;0;0;0;0;0;0;0;7,5;0;7,5;0;0;2,5;0;0;0;15;0;2,5;0;0;0;0;2,5;0;12,5;5;0;0;0;0;0;0;0;0;0;0;0;0;0;0;2,5;0;5;35;0;0;0;0;0;10;0;2,5;2,5;2,5;0;5;0;0;0;0;0;0;0;2,5;5;0;0;7,5;0;2,5;0;2,5;0;2,5;0;2,5;5;0;2,5;2,5;0;2,5;0;5;2,5;0;2,5;2,5;5;2,5;2,5;7,5;2,5;2,5;2,5;2,5;2,5;2,5;2,5;2,5;2,5;0;0;0;0;0;0;0;0;0;0;0;0;0;0;0;0;0;0;0;0;0;0;0;0;0;0;0;0;0;0;0;0;0;0;0;0;0;0;0;0;0;0;0;0;0;0;0;0;0;0;0;0;0;0;0;0;0;0;0;0;0;0;0;0;0;0;0;0;0;0;0;0;0;0;0;0;0;0;0;0;0;0;0;0;0;0;0;0;0;0;0;0;0;0;0;0;0;0;0;0;0;0;0;0;0;0;0;0;0;0;0;0;0;0;0;0;0;0;0;0;0;0;0;0;0
466;0;51,28205128;0;17,94871795;25,64102564;0;0;0;7,692307692;0;5,128205128;2,564102564;2,564102564;5,128205128;0;0;0;7,692307692;0;25,64102564;0;2,564102564;5,128205128;0;0;0;10,25641026;0;2,564102564;0;7,692307692;2,564102564;0;0;7,692307692;0;0;0;0;23,07692308;0;0;5,128205128;0;5,128205128;0;5,128205128;0;0;0;20,51282051;10,25641026;0;0;5,128205128;0;0;0;0;2,564102564;15,38461538;0;5,128205128;5,128205128;0;0;0;0;0;0;0;2,564102564;0;0;0;7,692307692;0;0;0;0;0;0;0;0;0;0;0;0;0;2,564102564;0;23,07692308;0;0;0;2,564102564;0;0;0;0;0;2,564102564;0;0;7,692307692;0;0;2,564102564;5,128205128;5,128205128;0;0;0;0;0;2,564102564;0;0;0;2,564102564;7,692307692;0;0;0;10,25641026;0;0;0;0;0;0;0;0;0;0;0;0;0;0;0;15,38461538;0;5,128205128;2,564102564;2,564102564;0;0;58,97435897;25,64102564;0;10,25641026;0;0;0;0;0;2,564102564;10,25641026;0;0;0;0;0;0;0;0;0;0;0;0;2,564102564;0;2,564102564;48,71794872;2,564102564;0;0;0;0;0;0;0;5,128205128;2,564102564;0;0;0;0;0;5,128205128;0;0;0;30,76923077;0;0;0;0;0;5,128205128;0;0;0;0;0;0;0;0;20,51282051;5,128205128;0;10,25641026;0;20,51282051;2,564102564;0;0;0;7,692307692;51,28205128;23,07692308;0;2,564102564;0;0;2,564102564;0;0;0;0;0;33,33333333;0;17,94871795;2,564102564;5,128205128;7,692307692;2,564102564;2,564102564;17,94871795;5,128205128;2,564102564;5,128205128;41,02564103;2,564102564;7,692307692;35,8974359;2,564102564;2,564102564;2,564102564;5,128205128;0;0;0;0;0;0;0;0;0;0;0;0;0;0;0;0;0;0;0;0;0;0;0;0;0;0;0;0;0;0;0;0;0;0;0;0;0;0;0;0;0;0;0;0;0;0;0;0;0;0;0;0;0;0;0;0;0;0;0;0;0;0;0;0;0;0;0;0;0;0;0;0;0;0;0;0;0;0;0;0;0;0;0;0;0;0;0;0;0;0;0;0;0;0;0;0;0;0;0;0;0;0;0;0;0;0;0
467;0;0;0;0;40;0;0;2,5;0;0;2,5;0;35;0;0;22,5;0;5;0;35;0;0;27,5;0;0;0;10;0;2,5;0;0;0;0;0;5;0;0;0;5;17,5;0;0;0;0;0;0;10;2,5;0;0;22,5;0;0;0;0;0;0;2,5;0;0;17,5;0;0;45;0;0;2,5;0;0;0;0;0;0;0;0;22,5;0;0;0;2,5;0;0;0;0;0;0;0;0;0;5;0;22,5;0;0;0;2,5;0;0;0;0;0;0;0;0;22,5;0;0;0;0;5;0;0;2,5;0;2,5;0;0;0;0;12,5;5;5;0;0;5;0;2,5;2,5;0;0;0;0;0;0;0;0;0;0;0;0;12,5;0;7,5;0;0;0;0;45;20;0;12,5;0;0;0;0;0;2,5;25;0;0;0;2,5;0;0;0;20;0;0;0;0;0;0;0;0;0;17,5;5;0;0;0;5;0;0;0;0;0;0;0;0;2,5;0;0;0;10;0;0;0;0;0;2,5;0;0;0;0;0;0;0;0;15;2,5;0;0;0;12,5;0;0;0;0;0;0;15;0;0;0;0;0;0;0;0;0;0;0;0;0;12,5;0;0;0;0;0;0;0;32,5;97,5;0;0;62,5;27,5;0;0;0;2,5;2,5;7,5;2,5;2,5;15;0;0;0;0;0;0;0;0;0;0;0;0;0;0;0;0;0;0;0;0;0;0;0;0;0;0;0;0;0;0;0;0;0;0;0;0;0;0;0;0;0;0;0;0;0;0;0;0;0;0;0;0;0;0;0;0;0;0;0;0;0;0;0;0;0;0;0;0;0;0;0;0;0;0;0;0;0;0;0;0;0;0;0;0;0;0;0;0;0;0;0;0;0;0;0;0;0;0;0;0;0
468;0;10;2,5;0;15;0;0;0;0;0;0;2,5;12,5;5;0;45;0;2,5;0;27,5;0;2,5;22,5;0;0;0;2,5;0;7,5;0;0;0;2,5;0;7,5;0;0;42,5;5;0;0;0;2,5;0;0;0;62,5;0;0;0;27,5;17,5;0;0;7,5;2,5;15;7,5;5;2,5;10;0;0;0;7,5;0;5;0;0;5;0;0;0;0;0;0;0;0;0;2,5;0;0;0;0;0;0;0;0;0;2,5;0;70;0;0;0;0;0;0;0;0;0;0;0;0;7,5;0;0;0;0;0;0;0;0;5;12,5;0;0;32,5;2,5;5;0;17,5;2,5;2,5;15;0;15;22,5;0;0;7,5;5;0;0;0;0;0;0;2,5;0;0;0;0;0;0;0;0;30;0;0;2,5;0;0;0;0;0;2,5;12,5;0;0;0;5;0;0;0;0;0;0;0;0;0;0;0;0;0;0;0;0;0;0;0;0;0;0;0;0;0;0;0;0;0;0;0;0;0;0;0;0;0;0;0;0;0;0;2,5;0;0;0;0;0;0;0;0;0;0;0;0;0;0;0;0;0;0;0;0;0;0;0;0;0;0;0;0;0;5;0;0;0;0;22,5;0;0;7,5;0;0;2,5;12,5;5;0;0;0;2,5;2,5;0;0;7,5;0;10;10;2,5;2,5;2,5;25;60;2,5;7,5;10;0;0;0;0;0;0;0;0;0;0;0;0;0;0;0;0;0;0;0;0;0;0;0;0;0;0;0;0;0;0;0;0;0;0;0;0;0;0;0;0;0;0;0;0;0;0;0;0;0;0;0;0;0;0;0;0;0;0;0;0;0;0;0;0;0;0;0;0;0;0;0;0;0;0;0;0;0;0;0;0;0;0;0;0;0;0;0;0;0;0;0
507;0;0;0;0;60,94182825;0;0;2,770083102;0;2,770083102;11,08033241;2,770083102;0;0;0;0;0;0;0;41,55124654;0;0;16,62049861;0;0;0;0;5,540166205;0;0;2,770083102;2,770083102;0;0;13,85041551;0;0;0;0;116,3434903;0;0;0;0;0;0;52,63157895;5,540166205;2,770083102;0;49,86149584;2,770083102;5,540166205;0;2,770083102;0;0;2,770083102;0;0;11,08033241;5,540166205;8,310249307;30,47091413;0;5,540166205;0;5,540166205;0;0;0;0;0;0;0;13,85041551;0;0;0;0;0;0;0;0;0;0;0;0;0;24,93074792;0;0;0;0;0;0;0;0;0;0;0;0;0;0;8,310249307;0;0;0;0;0;0;0;0;0;0;0;0;0;0;16,62049861;38,78116343;2,770083102;0;2,770083102;5,540166205;0;2,770083102;0;0;0;0;0;0;0;0;0;0;0;0;2,770083102;0;0;0;0;0;0;0;0;0;0;0;0;0;0;0;0;24,93074792;0;0;0;0;0;0;0;0;0;0;0;0;0;0;0;0;0;0;0;8,310249307;0;0;0;0;0;0;0;0;0;0;2,770083102;0;0;0;0;0;0;0;0;0;0;0;0;0;0;0;2,770083102;0;0;0;0;0;0;0;0;0;0;0;0;0;13,85041551;0;0;0;0;0;0;0;0;0;0;0;0;0;0;0;0;0;0;0;0;0;0;0;0;0;0;0;0;0;0;0;0;0;0;41,55124654;0;0;5,540166205;0;0;0;0;0;0;0;0;0;0;0;8,310249307;2,770083102;2,770083102;8,310249307;0;0;0;0;0;0;0;0;0;0;0;0;0;0;0;0;0;0;0;0;0;0;0;0;0;0;0;0;0;0;0;0;0;0;0;0;0;0;0;0;0;0;0;0;0;0;0;0;0;0;0;0;0;0;0;0;0;0;0;0;0;0;0;0;0;0;0;0;0;0;0;0;0;0;0;0;0;0;0;0;0;0;0;0;0;0;0
508;0;95;2,5;0;0;0;0;2,5;2,5;0;0;5;0;2,5;0;22,5;0;0;0;0;0;0;2,5;0;0;0;0;0;0;0;0;0;0;0;2,5;2,5;0;0;2,5;0;0;0;0;0;0;0;2,5;0;0;12,5;165;5;0;0;7,5;0;0;0;0;2,5;0;0;5;0;0;0;0;0;12,5;0;0;0;0;0;2,5;0;0;0;0;0;0;0;2,5;0;0;7,5;0;0;0;5;0;7,5;0;0;0;0;0;0;0;5;0;0;12,5;0;0;0;0;0;0;0;0;5;0;0;0;0;0;0;0;0;0;0;0;0;0;0;0;0;2,5;0;0;0;0;0;0;5;0;0;5;0;0;2,5;0;0;2,5;0;0;0;0;0;0;0;0;0;0;0;2,5;7,5;0;0;2,5;0;0;0;0;0;0;0;5;0;0;0;0;52,5;0;42,5;0;2,5;0;0;0;0;0;7,5;2,5;0;0;12,5;0;15;0;0;0;0;0;0;0;2,5;2,5;55;2,5;0;2,5;0;0;0;0;0;0;0;0;0;0;0;0;0;0;0;0;0;0;0;0;0;0;0;0;0;0;0;0;0;0;0;0;0;0;0;0;0;0;0;0;0;0;0;0;0;0;0;0;0;0;0;0;0;0;0;0;0;0;0;0;0;0;0;0;0;5;0;0;2,5;2,5;0;0;0;0;0;0;0;0;0;0;0;0;0;0;0;0;0;0;0;0;0;0;0;0;0;0;0;0;0;0;0;0;0;0;0;0;0;0;0;0;0;0;0;0;0;0;0;0;0;0;0;0;0;0;0;0;0;0;0;0;0;0;0;0;0;0;0;0;0;0;0;0;0;0;0;0;0;0;0;0;0;0;0;0;0
513;2,5;155;0;5;0;0;0;35;2,5;0;0;7,5;0;0;0;77,5;0;0;0;10;0;0;0;2,5;0;0;0;0;0;0;5;5;0;0;5;0;0;0;0;0;0;0;0;0;5;0;102,5;0;0;22,5;15;37,5;0;0;0;0;0;0;0;0;0;0;0;0;0;0;0;0;15;0;0;0;0;0;0;5;0;0;0;0;0;0;0;0;2,5;0;17,5;0;0;0;0;0;0;10;0;0;0;0;0;10;0;0;0;0;0;0;0;0;0;5;0;0;0;0;0;0;0;0;0;0;2,5;0;0;0;2,5;0;12,5;0;2,5;0;0;10;0;0;0;0;0;0;2,5;0;0;0;2,5;0;2,5;0;0;10;0;0;0;0;0;0;0;0;20;2,5;0;0;2,5;0;0;0;0;0;0;0;0;0;0;0;0;0;32,5;5;0;0;0;0;0;7,5;0;2,5;0;0;0;22,5;0;2,5;0;7,5;0;0;0;0;0;0;0;20;0;0;0;0;0;0;0;0;5;0;0;0;0;0;0;0;0;0;0;0;0;0;2,5;0;0;0;0;0;0;2,5;0;0;0;0;0;0;0;5;0;0;0;0;0;0;0;0;0;0;0;0;0;0;0;0;0;0;0;0;0;0;0;0;0;0;2,5;0;0;0;0;0;0;0;0;2,5;2,5;2,5;0;0;0;0;0;0;0;0;0;0;0;0;0;0;0;0;0;0;0;0;0;0;0;0;0;0;0;0;0;0;0;0;0;0;0;0;0;0;0;0;0;0;0;0;0;0;0;0;0;0;0;0;0;0;0;0;0;0;0;0;0;0;0;0;0;0;0;0;0;0;0;0;0;0;0;0;0;0;0;0;0;0
516;0;10;0;0;30;0;0;0;0;0;2,5;20;2,5;5;0;72,5;2,5;2,5;0;42,5;0;0;2,5;0;0;0;7,5;0;0;0;0;0;0;0;7,5;0;2,5;0;0;100;0;0;0;0;0;0;32,5;0;0;0;70;27,5;0;0;0;0;0;0;0;0;32,5;0;0;52,5;0;0;0;7,5;0;0;0;0;0;0;0;17,5;0;0;0;0;0;0;0;0;0;0;0;0;0;2,5;0;47,5;0;0;0;0;0;0;0;0;0;0;0;0;0;0;0;0;2,5;22,5;0;0;0;0;7,5;2,5;0;7,5;2,5;12,5;0;2,5;0;0;0;0;30;10;0;0;2,5;0;0;0;0;0;0;0;0;0;0;0;0;0;0;0;0;5;0;0;7,5;0;0;0;0;0;10;10;0;0;0;2,5;0;0;0;10;0;0;0;0;0;0;0;0;0;0;0;0;0;0;0;0;0;0;0;0;0;0;0;0;0;0;0;0;0;0;0;0;0;0;0;0;0;0;0;0;0;0;0;0;0;0;0;0;0;0;0;0;0;0;2,5;0;0;0;0;0;0;0;0;0;0;0;0;0;0;0;0;0;0;0;0;0;2,5;2,5;0;0;0;2,5;0;0;0;0;0;0;0;5;0;0;0;0;0;0;0;7,5;0;0;0;0;0;0;0;0;0;0;0;0;2,5;0;0;0;0;0;0;0;0;0;0;0;0;0;0;0;0;0;0;0;0;0;0;0;0;0;0;0;0;0;0;0;0;0;0;0;0;0;0;0;0;0;0;0;0;0;0;0;0;0;0;0;0;0;0;0;0;0;0;0;0;0;0;0;0;0;0;0;0;0;0;0;0;0;0;0;0;0;0;0;0;0
518;0;127,5;0;0;0;0;0;0;0;0;0;5;2,5;0;0;0;0;0;0;5;0;2,5;0;0;0;0;2,5;0;0;0;2,5;7,5;0;0;25;0;0;0;0;2,5;12,5;0;0;0;25;12,5;7,5;0;0;2,5;42,5;15;0;0;2,5;0;0;0;0;7,5;0;0;0;0;0;0;0;0;0;0;0;0;0;0;0;2,5;0;0;0;2,5;0;0;0;0;0;0;0;0;0;0;0;22,5;0;0;0;0;0;0;0;0;0;0;5;0;0;0;0;0;0;0;0;5;0;0;0;0;0;0;0;5;0;2,5;0;0;5;0;0;0;0;0;0;0;0;0;0;0;0;2,5;0;2,5;2,5;0;0;0;0;0;0;7,5;15;0;2,5;0;0;0;0;0;5;7,5;0;0;0;0;0;0;0;0;0;0;2,5;0;0;0;0;0;0;62,5;0;0;0;0;0;10;0;0;0;0;0;0;0;7,5;0;0;0;10;0;0;0;0;0;30;5;0;22,5;0;0;0;0;2,5;7,5;2,5;0;0;0;7,5;0;5;0;0;2,5;5;5;0;10;0;0;0;0;0;0;0;0;10;0;0;0;0;0;0;2,5;0;0;0;2,5;10;0;0;0;0;0;0;0;0;5;0;2,5;0;0;0;0;0;0;0;0;0;0;0;0;0;0;0;0;0;0;0;0;0;0;0;0;0;0;0;0;0;0;0;0;0;0;0;0;0;0;0;0;0;0;0;0;0;0;0;0;0;0;0;0;0;0;0;0;0;0;0;0;0;0;0;0;0;0;0;0;0;0;0;0;0;0;0;0;0;0;0;0;0;0;0;0;0;0;0;0;0;0;0;0;0;0;0;0;0;0;0;0;0;0;0
519;0;0;2,836074872;0;0;0;0;25,52467385;8,508224617;0;8,508224617;0;17,01644923;22,68859898;0;0;0;0;0;0;0;0;0;0;0;0;5,672149745;0;0;0;0;0;0;0;0;0;0;0;0;2,836074872;0;0;14,18037436;0;2,836074872;0;2,836074872;0;5,672149745;0;2,836074872;34,03289847;0;0;0;0;0;0;0;0;0;0;0;0;0;0;0;0;0;0;0;0;0;0;0;0;8,508224617;0;0;0;0;0;0;0;0;0;0;0;0;0;2,836074872;8,508224617;0;2,836074872;0;0;0;0;0;0;0;0;2,836074872;0;11,34429949;0;0;0;0;0;0;2,836074872;8,508224617;0;0;0;0;0;0;0;8,508224617;0;0;0;0;11,34429949;0;0;0;0;0;0;0;5,672149745;0;0;28,36074872;2,836074872;0;0;8,508224617;0;5,672149745;0;0;0;0;39,70504821;0;0;0;0;0;0;0;0;14,18037436;14,18037436;2,836074872;0;0;0;0;0;0;0;0;0;0;0;0;0;8,508224617;2,836074872;11,34429949;11,34429949;14,18037436;0;0;22,68859898;0;28,36074872;0;2,836074872;0;0;0;5,672149745;0;0;17,01644923;2,836074872;0;0;0;2,836074872;2,836074872;0;0;34,03289847;0;0;0;0;8,508224617;5,672149745;0;2,836074872;2,836074872;8,508224617;0;14,18037436;8,508224617;0;0;0;28,36074872;8,508224617;0;0;0;2,836074872;8,508224617;2,836074872;0;0;0;0;8,508224617;0;0;2,836074872;2,836074872;2,836074872;0;0;0;0;14,18037436;0;0;0;0;0;0;0;0;0;0;0;0;0;0;0;0;0;0;0;0;0;0;0;0;0;0;0;0;0;0;0;2,836074872;0;0;2,836074872;0;0;0;17,01644923;11,34429949;2,836074872;2,836074872;2,836074872;2,836074872;5,672149745;36,86897334;5,672149745;11,34429949;0;0;0;0;0;0;0;0;0;0;0;0;0;0;0;0;0;0;0;0;0;0;0;0;0;0;0;0;0;0;0;0;0;0;0;0;0;0;0;0;0;0;0;0;0;0;0;0;0;0;0;0;0;0;0;0;0;0;0;0;0;0;0;0;0;0;0;0;0;0;0
520;0;0;0;0;10,86956522;0;0;0;0;0;13,58695652;0;0;0;8,152173913;2,717391304;0;0;0;10,86956522;10,86956522;2,717391304;27,17391304;0;0;0;5,434782609;0;0;0;0;5,434782609;0;0;2,717391304;0;0;0;0;2,717391304;0;0;2,717391304;0;27,17391304;0;5,434782609;0;0;0;40,76086957;5,434782609;0;0;0;0;0;0;0;0;2,717391304;0;0;2,717391304;0;0;0;0;5,434782609;0;0;0;0;2,717391304;0;13,58695652;0;0;0;0;0;0;0;0;0;10,86956522;0;0;0;0;0;0;0;0;0;5,434782609;0;0;0;0;0;0;0;0;0;0;0;8,152173913;0;0;0;10,86956522;0;0;2,717391304;0;0;0;0;2,717391304;0;0;0;0;0;0;0;0;0;0;2,717391304;0;0;0;0;0;0;0;0;0;0;0;2,717391304;0;0;0;0;0;8,152173913;0;0;0;0;0;0;0;2,717391304;2,717391304;0;0;0;0;0;0;0;0;0;0;0;0;0;0;0;0;0;2,717391304;2,717391304;0;0;0;0;0;0;0;0;0;0;0;0;10,86956522;0;0;0;0;0;5,434782609;0;0;0;0;0;27,17391304;0;0;0;0;0;0;2,717391304;2,717391304;0;0;0;13,58695652;0;0;105,9782609;8,152173913;2,717391304;8,152173913;5,434782609;0;27,17391304;0;0;0;0;0;0;0;0;2,717391304;0;0;5,434782609;0;0;2,717391304;46,19565217;0;0;0;2,717391304;24,45652174;0;0;0;0;0;0;0;0;0;0;0;0;0;0;0;0;0;0;0;0;0;0;0;0;0;0;0;0;0;0;0;0;0;5,434782609;133,1521739;2,717391304;0;0;0;0;0;0;0;0;0;0;0;0;0;0;0;0;0;0;0;0;0;0;0;0;0;0;0;0;0;0;0;0;0;0;0;0;0;0;0;0;0;0;0;0;0;0;0;0;0;0;0;0;0;0;0;0;0;0;0;0;0;0;0;0;0;0;0;0;0;0;0;0;0;0;0;0;0;0
568;0;23,68421053;0;0;2,631578947;0;0;7,894736842;5,263157895;0;10,52631579;0;2,631578947;7,894736842;0;2,631578947;2,631578947;0;0;10,52631579;0;0;0;10,52631579;0;2,631578947;2,631578947;0;0;0;5,263157895;0;0;0;2,631578947;10,52631579;0;0;5,263157895;36,84210526;0;0;28,94736842;0;5,263157895;0;73,68421053;0;7,894736842;2,631578947;0;7,894736842;2,631578947;0;0;0;0;5,263157895;0;0;0;0;0;0;0;0;0;5,263157895;18,42105263;0;0;0;0;2,631578947;0;0;2,631578947;0;5,263157895;5,263157895;2,631578947;0;2,631578947;0;0;0;2,631578947;0;2,631578947;0;0;0;0;0;0;2,631578947;0;0;28,94736842;0;10,52631579;10,52631579;0;0;0;2,631578947;0;0;0;2,631578947;0;0;2,631578947;0;0;0;0;0;0;0;0;0;0;0;0;0;2,631578947;0;0;13,15789474;0;2,631578947;2,631578947;10,52631579;0;0;0;0;7,894736842;0;0;0;31,57894737;2,631578947;0;0;0;0;0;0;2,631578947;7,894736842;0;2,631578947;0;0;2,631578947;15,78947368;0;0;0;0;0;0;0;0;0;0;0;0;2,631578947;0;0;10,52631579;0;0;0;0;0;0;0;0;0;5,263157895;0;10,52631579;10,52631579;0;0;0;0;0;0;0;0;0;0;0;0;0;0;7,894736842;10,52631579;0;0;0;0;0;0;0;0;0;0;0;0;0;0;0;0;0;0;0;0;0;0;0;0;0;0;0;0;0;0;0;0;0;0;0;0;0;0;0;0;0;5,263157895;0;0;0;0;0;0;0;0;0;0;0;0;0;0;0;0;0;0;0;0;0;0;0;2,631578947;0;0;0;0;0;0;0;0;0;0;0;0;0;0;0;0;0;0;5,263157895;2,631578947;10,52631579;2,631578947;5,263157895;39,47368421;0;0;0;0;0;0;0;0;0;0;0;0;0;0;0;0;0;0;0;0;0;0;0;0;0;0;0;0;0;0;0;0;0;0;0;0;0;0;0;0;0;0;0;0;0;0;0;0;0;0;0;0;0;0;0;0;0;0;0;0;0;0;0;0;0
570;0;55;0;0;0;0;0;22,5;10;0;0;72,5;0;7,5;12,5;0;5;0;0;27,5;0;0;0;0;0;0;2,5;0;0;0;0;0;0;5;5;2,5;2,5;0;2,5;5;0;5;2,5;0;15;0;20;0;2,5;7,5;10;20;0;0;2,5;0;0;2,5;0;0;0;0;2,5;0;0;0;0;25;7,5;2,5;0;0;0;0;7,5;0;0;0;2,5;0;0;0;0;2,5;0;0;0;0;0;0;5;10;0;0;0;10;0;0;0;12,5;2,5;0;0;5;2,5;0;0;0;0;20;0;0;27,5;0;0;0;0;0;0;0;0;0;0;0;0;0;0;0;0;0;0;0;2,5;15;0;0;0;0;0;2,5;7,5;0;7,5;0;0;0;0;0;0;0;0;0;2,5;0;0;2,5;0;0;0;0;0;0;0;2,5;0;0;0;0;0;0;0;0;0;5;0;0;0;0;22,5;0;0;0;0;2,5;0;25;5;0;0;0;0;0;2,5;2,5;0;0;0;0;0;35;0;2,5;0;0;0;0;0;0;0;0;0;0;0;0;0;0;0;0;0;0;0;0;0;0;0;0;0;0;0;0;0;0;0;0;0;0;0;0;0;0;0;0;0;0;0;0;0;0;0;0;0;0;0;0;0;0;0;0;0;0;0;5;0;7,5;0;0;0;0;2,5;0;5;0;0;0;0;0;0;0;0;0;0;0;0;0;0;0;0;0;2,5;0;2,5;0;0;2,5;2,5;0;0;0;0;0;0;0;0;0;0;0;0;0;0;0;0;0;0;0;0;0;0;0;0;0;0;0;0;0;0;0;0;0;0;0;0;0;0;0;0;0;0;0;0;0;0;0;0;0;0;0;0;0;0;0;0;0;0;0;0;0;0;0
571;0;73,36956522;0;0;5,434782609;0;0;29,89130435;5,434782609;0;0;0;0;0;0;32,60869565;0;0;0;2,717391304;0;0;0;5,434782609;0;0;2,717391304;0;0;0;0;0;0;0;0;0;0;0;2,717391304;0;0;0;0;0;2,717391304;0;5,434782609;0;0;0;24,45652174;29,89130435;0;0;0;0;0;0;0;43,47826087;0;0;0;0;0;0;0;0;0;0;0;0;0;0;2,717391304;5,434782609;5,434782609;0;0;5,434782609;2,717391304;2,717391304;0;0;0;0;0;0;0;8,152173913;0;5,434782609;0;0;0;0;0;0;0;0;2,717391304;0;0;0;13,58695652;0;0;0;0;0;0;2,717391304;0;0;0;0;0;0;0;0;0;0;0;0;2,717391304;0;0;0;8,152173913;0;0;2,717391304;0;0;0;0;0;0;0;0;2,717391304;0;5,434782609;0;0;0;0;24,45652174;0;0;0;0;0;2,717391304;0;0;5,434782609;2,717391304;0;0;2,717391304;0;0;0;0;0;0;0;0;0;0;0;0;0;5,434782609;8,152173913;0;0;2,717391304;0;0;13,58695652;0;0;0;0;0;2,717391304;0;0;0;13,58695652;0;0;0;0;0;10,86956522;0;46,19565217;0;0;0;0;2,717391304;2,717391304;0;0;5,434782609;0;0;5,434782609;0;0;0;0;0;0;0;0;0;0;2,717391304;2,717391304;0;0;0;0;5,434782609;0;0;0;2,717391304;2,717391304;0;0;0;2,717391304;0;0;0;0;0;0;0;0;0;0;0;0;0;0;10,86956522;0;0;0;0;0;0;0;0;0;0;0;0;0;0;8,152173913;0;0;0;0;0;0;0;0;0;0;0;0;0;0;0;2,717391304;0;0;0;0;0;0;0;0;2,717391304;0;0;2,717391304;2,717391304;2,717391304;8,152173913;0;0;0;0;0;0;0;0;0;0;0;0;0;0;0;0;0;0;0;0;0;0;0;0;0;0;0;0;0;0;0;0;0;0;0;0;0;0;0;0;0;0;0;0;0;0;0;0;0;0;0;0;0;0;0;0;0;0;0
573;0;10;0;0;0;0;0;0;0;2,5;0;27,5;2,5;15;0;137,5;10;2,5;0;25;0;2,5;2,5;0;0;0;35;0;0;0;2,5;0;20;0;2,5;0;15;0;0;2,5;12,5;0;0;0;0;0;2,5;0;0;0;92,5;52,5;2,5;0;20;95;0;0;12,5;0;0;0;0;0;0;0;0;0;0;0;0;0;0;0;0;0;0;0;0;0;0;0;0;2,5;0;0;0;0;0;0;0;25;0;0;0;7,5;0;0;0;0;7,5;0;0;5;0;0;0;0;0;0;0;0;0;2,5;7,5;0;0;0;0;0;0;0;0;0;22,5;0;0;2,5;0;0;0;0;0;0;0;0;0;0;2,5;0;0;0;0;0;0;0;0;0;0;0;0;0;0;0;0;0;17,5;30;0;0;0;5;20;0;0;2,5;0;0;7,5;0;0;5;0;0;0;0;0;0;0;0;0;0;0;0;0;0;0;0;0;0;0;0;0;0;0;0;0;0;0;0;0;0;2,5;0;0;0;0;0;0;0;0;0;0;0;0;0;0;0;0;0;0;0;0;0;0;0;0;0;0;0;0;0;0;0;0;0;0;0;0;0;0;0;0;0;0;0;0;0;0;0;0;0;2,5;0;0;0;0;0;0;0;0;0;0;0;0;0;0;0;0;0;0;0;0;0;0;0;0;0;0;0;0;0;0;0;0;0;0;0;0;0;0;0;0;0;0;0;0;0;0;10;25;0;0;0;0;0;0;0;0;0;0;0;0;0;0;0;0;0;0;0;0;0;0;0;0;0;0;0;0;0;0;0;0;0;0;0;0;0;0;0;0;0;0;0;0;0;0;0;0;0;0;0;0;0;0;0;0;0
577;0;17,5;0;0;10;0;0;5;2,5;0;0;12,5;27,5;0;0;75;0;5;0;17,5;0;2,5;2,5;0;0;0;5;0;0;0;0;2,5;0;0;7,5;0;0;0;5;15;0;0;2,5;0;7,5;7,5;22,5;0;0;0;17,5;2,5;0;0;7,5;2,5;0;0;0;0;2,5;0;0;10;0;0;2,5;2,5;2,5;0;0;0;0;5;0;12,5;0;0;0;2,5;0;0;0;0;0;2,5;0;0;0;2,5;0;15;0;2,5;0;0;0;0;0;0;0;0;0;0;52,5;0;0;5;2,5;0;0;2,5;0;0;15;0;0;0;0;2,5;2,5;0;0;0;5;0;0;0;0;0;0;2,5;0;0;0;0;0;2,5;0;0;32,5;0;5;0;2,5;2,5;0;22,5;0;0;7,5;0;0;0;0;0;5;5;0;2,5;5;2,5;0;0;0;2,5;0;0;0;0;0;0;0;0;0;7,5;0;0;0;0;0;7,5;0;0;0;2,5;0;0;0;0;0;0;0;0;0;0;0;0;0;7,5;0;0;0;7,5;5;0;0;0;5;2,5;0;0;0;15;0;0;0;0;0;0;5;0;10;0;0;2,5;0;0;0;0;0;2,5;0;0;0;0;0;0;0;0;0;0;0;7,5;0;0;10;0;0;0;0;0;0;0;0;2,5;0;0;2,5;0;0;0;0;0;0;0;0;0;0;0;0;0;0;0;0;0;0;0;0;0;0;0;0;0;0;0;0;0;0;0;0;0;0;0;0;0;0;0;0;0;0;2,5;0;0;0;0;0;0;0;0;0;0;0;0;0;0;0;0;0;0;0;0;0;0;0;0;0;0;0;0;0;0;0;0;0;0;0;0;0;0;0;0;0;0;0;0;0;0;0;0;0;0;0;0;0;0;0;0
578;0;0;0;0;2,5;0;0;0;0;0;2,5;0;15;2,5;0;97,5;0;20;0;2,5;2,5;5;2,5;0;0;0;42,5;0;5;0;0;0;20;2,5;2,5;0;7,5;0;0;2,5;27,5;0;7,5;0;0;0;15;2,5;0;0;60;17,5;0;0;0;0;0;0;2,5;0;2,5;0;0;7,5;0;0;0;2,5;0;0;0;0;0;0;0;17,5;0;0;0;2,5;0;0;0;2,5;0;0;0;0;0;0;0;0;0;0;0;5;0;0;0;0;2,5;0;0;0;0;0;0;0;5;0;5;2,5;0;2,5;7,5;2,5;0;5;30;22,5;15;2,5;0;2,5;45;0;5;5;0;0;10;0;0;0;35;0;0;0;12,5;0;0;0;0;0;0;0;0;15;0;0;2,5;5;0;2,5;0;0;0;42,5;0;0;0;7,5;0;0;0;10;0;0;2,5;0;0;25;0;0;0;5;0;0;0;0;0;0;0;0;0;0;0;0;0;2,5;0;0;0;0;0;0;0;0;0;0;0;0;2,5;0;0;0;0;0;0;0;0;0;0;0;0;0;0;0;0;0;0;0;0;0;2,5;0;0;0;0;0;0;0;0;0;0;0;0;2,5;0;2,5;0;5;0;0;0;0;45;0;0;0;0;0;0;0;0;7,5;0;0;0;0;0;0;0;0;0;0;0;2,5;0;0;0;0;0;0;0;0;7,5;0;0;0;0;0;0;0;0;0;0;0;0;0;2,5;0;0;0;0;0;5;0;0;0;0;0;2,5;5;2,5;2,5;2,5;15;0;0;0;0;0;0;0;0;0;0;0;0;0;0;0;0;0;0;0;0;0;0;0;0;0;0;0;0;0;0;0;0;0;0;0;0;0;0;0;0;0;0;0;0;0;0;0;0;0;0
579;0;0;0;0;2,551020408;0;0;10,20408163;0;0;0;0;12,75510204;0;0;2,551020408;0;0;0;0;2,551020408;0;2,551020408;0;0;0;0;0;0;0;0;0;0;0;0;0;0;0;2,551020408;2,551020408;0;0;0;0;2,551020408;0;0;2,551020408;0;0;0;17,85714286;0;0;0;0;0;0;0;0;0;0;0;0;0;0;0;0;0;0;0;0;0;0;0;5,102040816;0;0;0;0;0;0;0;0;0;0;0;0;0;7,653061224;0;5,102040816;0;0;0;0;0;0;0;0;2,551020408;0;0;0;17,85714286;0;0;0;0;0;0;2,551020408;0;0;0;0;0;0;0;0;2,551020408;0;0;0;5,102040816;2,551020408;0;0;0;0;0;2,551020408;0;0;0;0;0;7,653061224;0;0;2,551020408;0;0;0;0;0;0;10,20408163;15,30612245;0;5,102040816;0;0;0;0;0;5,102040816;5,102040816;0;0;0;0;0;0;0;0;0;0;0;0;0;0;5,102040816;0;2,551020408;25,51020408;0;40,81632653;0;2,551020408;0;40,81632653;0;7,653061224;0;0;0;7,653061224;0;2,551020408;15,30612245;0;0;0;0;0;2,551020408;0;0;89,28571429;0;0;0;0;0;5,102040816;0;2,551020408;20,40816327;7,653061224;0;0;0;2,551020408;0;0;22,95918367;17,85714286;2,551020408;0;2,551020408;0;12,75510204;0;0;2,551020408;0;0;12,75510204;0;2,551020408;51,02040816;2,551020408;7,653061224;0;0;0;0;20,40816327;0;0;0;0;12,75510204;0;0;0;0;0;0;0;0;0;0;0;0;0;0;0;0;2,551020408;0;0;0;0;0;0;0;0;0;0;0;0;0;0;0;0;0;22,95918367;7,653061224;0;0;0;0;7,653061224;5,102040816;0;0;0;0;0;0;0;0;0;2,551020408;0;0;0;0;0;0;0;0;0;0;0;0;2,551020408;5,102040816;10,20408163;0;0;0;0;0;0;0;0;0;0;0;0;0;0;0;0;0;0;0;0;0;0;0;0;0;0;0;0;0;0;0;0;0;0;0;0;0;0;0;0;0;0;0;0;0;0;0
624;0;87,5;0;0;20;0;0;5;0;2,5;7,5;17,5;22,5;2,5;2,5;145;0;0;0;20;0;0;2,5;0;0;0;0;0;0;0;5;15;0;0;22,5;0;0;0;2,5;25;0;0;2,5;0;30;7,5;17,5;0;0;12,5;10;5;0;0;7,5;2,5;2,5;0;0;0;0;0;0;5;0;0;0;12,5;10;0;0;0;0;0;0;5;0;0;0;0;0;0;0;0;0;0;0;0;0;0;0;5;0;0;0;0;0;0;0;2,5;7,5;0;2,5;0;10;0;0;0;0;0;0;0;0;0;0;0;0;0;5;0;15;0;0;0;0;0;0;0;0;0;0;0;0;0;0;0;0;0;0;0;0;0;0;0;0;0;0;0;0;0;7,5;0;0;0;0;0;7,5;2,5;0;0;2,5;0;0;0;0;0;0;0;0;0;0;0;0;5;0;7,5;0;5;0;0;0;0;0;0;0;0;0;0;0;0;0;0;0;0;0;0;0;0;0;2,5;0;0;0;0;0;0;0;0;0;0;0;0;0;0;0;0;0;0;0;0;0;0;0;0;0;0;0;0;0;0;0;0;0;0;0;0;0;0;0;0;0;2,5;0;0;0;0;0;5;0;0;0;0;0;0;0;0;0;0;0;0;0;0;0;0;0;0;0;0;0;0;0;0;0;0;0;0;0;0;0;0;0;0;0;0;0;0;0;0;0;0;0;0;2,5;0;0;0;0;0;0;0;0;0;0;0;0;0;0;0;0;0;0;7,5;0;0;0;0;0;0;0;0;0;0;0;0;0;0;0;0;0;0;0;0;0;0;0;0;0;0;0;0;0;0;0;0;0;0;0;0;0;0;0;0;0;0;0;0;0;0
625;0;140;0;0;0;0;0;37,5;7,5;0;0;55;0;0;0;20;2,5;0;0;2,5;2,5;0;0;0;0;0;12,5;0;2,5;0;0;0;0;0;2,5;2,5;0;0;2,5;12,5;0;0;2,5;0;0;0;17,5;0;2,5;2,5;67,5;12,5;0;0;2,5;0;0;0;0;0;2,5;0;2,5;0;0;0;0;0;2,5;0;0;0;0;0;0;0;0;0;0;10;0;0;0;0;0;0;0;0;10;10;0;20;0;0;0;0;0;0;0;5;2,5;0;0;0;12,5;0;0;0;0;0;0;5;0;0;0;0;0;0;0;0;0;0;0;2,5;0;0;2,5;0;17,5;0;0;2,5;2,5;0;0;15;0;5;5;0;0;0;0;0;17,5;0;0;0;0;0;0;0;0;2,5;2,5;0;5;10;0;0;0;0;0;0;0;0;0;0;2,5;0;12,5;0;0;0;0;0;0;0;0;0;0;0;0;0;2,5;0;0;0;0;0;0;0;0;0;0;5;2,5;0;0;0;0;0;0;0;0;0;0;0;0;0;0;0;0;0;0;0;0;0;0;0;0;0;0;0;0;0;0;0;0;0;0;0;0;0;0;0;0;0;0;0;0;0;0;0;0;0;0;0;0;0;0;0;0;0;0;0;0;0;0;0;0;0;0;0;0;0;0;0;10;0;0;0;0;0;0;0;0;0;0;0;0;0;0;0;0;0;0;0;0;0;0;0;0;0;0;0;0;0;0;0;0;0;0;0;0;0;0;0;0;0;0;0;5;2,5;0;0;0;0;0;0;0;0;0;0;0;0;0;0;0;0;0;0;0;0;0;0;0;0;0;0;0;0;0;0;0;0;0;0;0;0;0;0;0;0;0;0;0;0
631;0;62,16216216;0;0;0;0;2,702702703;8,108108108;18,91891892;0;0;2,702702703;0;0;0;29,72972973;0;0;0;0;0;0;0;0;0;0;2,702702703;0;0;0;0;0;0;0;0;2,702702703;0;0;2,702702703;2,702702703;0;0;0;0;0;0;0;0;0;0;0;10,81081081;0;0;0;0;0;0;0;5,405405405;0;0;0;0;0;0;0;0;5,405405405;0;0;0;0;0;0;2,702702703;0;0;0;0;0;0;0;0;0;0;0;0;0;10,81081081;0;5,405405405;0;0;0;0;0;0;0;0;0;0;0;2,702702703;2,702702703;0;0;0;0;0;0;2,702702703;0;0;0;0;0;0;0;0;0;0;0;0;0;0;0;0;0;0;0;0;0;2,702702703;0;0;0;0;16,21621622;0;8,108108108;0;2,702702703;2,702702703;0;0;0;18,91891892;0;0;0;2,702702703;5,405405405;0;0;0;10,81081081;2,702702703;0;0;0;0;0;0;0;0;0;0;0;0;0;0;0;0;2,702702703;21,62162162;0;2,702702703;0;0;0;27,02702703;0;2,702702703;2,702702703;0;0;2,702702703;0;0;10,81081081;2,702702703;0;0;0;5,405405405;0;2,702702703;0;67,56756757;0;27,02702703;2,702702703;2,702702703;2,702702703;5,405405405;0;2,702702703;2,702702703;0;0;0;0;0;0;0;0;5,405405405;0;0;0;5,405405405;24,32432432;0;0;0;0;0;8,108108108;0;0;0;0;0;0;0;0;2,702702703;0;0;0;0;0;0;0;0;0;0;0;0;0;0;0;0;0;0;0;0;0;0;0;0;0;0;0;0;0;0;0;0;0;0;0;0;0;0;0;0;0;0;0;0;2,702702703;0;0;0;0;0;0;0;0;0;0;0;0;0;0;0;0;0;0;0;0;0;0;0;0;0;0;0;0;0;0;0;5,405405405;0;0;0;0;0;0;0;0;0;0;0;0;0;0;0;0;0;0;0;0;0;0;0;0;0;0;0;0;0;0;0;0;0;0;0;0;0;0;0;0;0;0;0
633;0;22,5;0;0;10;0;0;2,5;2,5;0;0;12,5;2,5;0;10;32,5;0;2,5;0;2,5;0;0;0;0;0;0;2,5;0;0;0;0;0;0;0;0;0;2,5;0;7,5;5;0;0;0;0;5;0;10;0;0;10;12,5;10;0;0;0;0;0;0;0;5;0;0;0;0;0;0;0;0;0;0;0;0;0;0;0;5;0;0;0;0;0;0;0;0;0;0;0;0;0;15;0;5;0;0;0;0;0;0;0;0;2,5;0;0;2,5;5;0;0;0;0;0;0;0;0;0;0;0;0;0;0;0;0;0;0;0;0;0;5;0;0;0;0;0;0;0;0;2,5;0;0;0;0;2,5;0;0;0;2,5;2,5;0;20;2,5;0;12,5;0;0;0;5;0;12,5;10;0;0;0;0;0;0;0;0;0;0;0;0;0;0;0;0;10;50;2,5;0;0;0;0;45;0;0;0;0;2,5;2,5;0;17,5;2,5;12,5;0;0;0;2,5;10;0;0;17,5;0;0;0;0;2,5;25;0;2,5;7,5;7,5;0;10;2,5;10;0;0;17,5;22,5;12,5;0;7,5;0;7,5;0;0;0;0;0;2,5;0;0;75;0;7,5;0;0;0;0;35;0;2,5;0;0;5;0;0;0;0;0;0;2,5;0;0;0;0;0;0;0;0;0;2,5;0;0;0;0;0;0;0;0;0;0;0;0;0;0;0;0;2,5;12,5;0;0;0;0;0;2,5;7,5;0;0;0;0;0;0;0;0;0;0;0;0;0;0;0;0;0;0;0;0;0;0;0;0;0;0;0;0;0;5;7,5;22,5;0;0;0;0;0;0;0;0;0;0;0;0;0;0;0;0;0;0;0;0;0;0;0;0;0;0;0;0;0;0;0;0;0;0;0;0;0;0;0;0
634;0;10,06289308;0;0;2,51572327;0;0;20,12578616;0;0;0;5,031446541;0;0;0;12,57861635;0;0;0;15,09433962;0;0;15,09433962;2,51572327;0;0;2,51572327;0;0;0;7,547169811;2,51572327;0;0;5,031446541;0;0;0;5,031446541;7,547169811;0;0;0;0;0;0;10,06289308;0;0;0;0;7,547169811;0;0;0;0;0;0;0;0;0;0;0;0;0;0;0;0;0;0;0;0;0;0;0;65,40880503;0;0;0;0;0;0;0;0;0;0;0;0;0;2,51572327;0;0;0;0;0;15,09433962;0;0;0;0;0;5,031446541;0;0;7,547169811;0;0;0;0;0;0;0;0;0;5,031446541;2,51572327;0;0;0;0;2,51572327;0;0;0;0;0;0;0;0;0;0;2,51572327;0;5,031446541;0;0;0;0;0;0;2,51572327;0;0;2,51572327;0;0;0;2,51572327;10,06289308;0;2,51572327;0;0;0;0;0;15,09433962;2,51572327;5,031446541;0;0;0;0;0;0;0;0;0;0;0;2,51572327;0;37,73584906;0;5,031446541;17,61006289;0;0;0;5,031446541;0;47,79874214;0;0;0;5,031446541;0;0;0;2,51572327;10,06289308;0;0;2,51572327;0;2,51572327;0;0;0;2,51572327;0;0;0;0;2,51572327;0;0;0;7,547169811;5,031446541;0;0;0;22,64150943;0;0;115,7232704;0;7,547169811;0;0;0;2,51572327;0;0;2,51572327;0;2,51572327;0;0;0;65,40880503;0;0;0;0;0;0;22,64150943;0;0;0;0;2,51572327;0;0;5,031446541;0;0;0;2,51572327;0;0;0;0;2,51572327;0;0;0;0;2,51572327;0;0;0;0;0;0;0;0;0;0;0;0;0;0;0;0;5,031446541;30,18867925;0;2,51572327;0;0;0;0;0;0;0;0;0;0;0;0;0;0;0;2,51572327;0;0;0;0;0;0;0;0;0;0;0;0;0;5,031446541;0;0;0;0;0;10,06289308;0;0;0;0;0;0;0;0;0;0;0;0;0;0;0;0;0;0;0;0;0;0;0;0;0;0;0;0;0;0;0;0;0;0;0;0;0;0;0;0;0
635;0;2,590673575;0;0;2,590673575;0;0;5,18134715;0;0;0;5,18134715;7,772020725;0;2,590673575;15,54404145;0;0;0;23,31606218;0;0;2,590673575;0;0;0;10,3626943;0;0;0;2,590673575;0;0;0;2,590673575;0;2,590673575;0;0;0;0;0;2,590673575;0;12,95336788;0;2,590673575;0;0;0;0;5,18134715;0;0;0;0;0;0;0;0;0;0;2,590673575;0;0;0;0;0;0;0;0;0;0;0;0;2,590673575;0;0;0;0;0;0;0;0;0;0;0;0;2,590673575;2,590673575;0;5,18134715;0;0;0;0;0;0;0;0;5,18134715;0;0;0;5,18134715;0;0;0;0;0;0;5,18134715;0;2,590673575;5,18134715;0;0;0;0;0;2,590673575;0;0;0;0;2,590673575;12,95336788;0;0;0;0;0;0;0;0;0;0;0;2,590673575;0;7,772020725;0;7,772020725;0;0;7,772020725;0;10,3626943;5,18134715;0;5,18134715;2,590673575;0;0;0;0;15,54404145;7,772020725;0;0;5,18134715;0;0;0;0;0;0;0;0;0;0;0;0;0;10,3626943;10,3626943;0;0;0;0;0;18,13471503;0;0;0;0;0;0;0;0;0;0;0;5,18134715;0;0;10,3626943;0;0;69,94818653;0;5,18134715;12,95336788;0;10,3626943;7,772020725;7,772020725;0;28,49740933;5,18134715;0;2,590673575;0;7,772020725;0;0;31,0880829;7,772020725;10,3626943;0;7,772020725;0;20,7253886;0;0;2,590673575;0;0;0;0;0;72,5388601;0;2,590673575;0;0;0;2,590673575;12,95336788;0;0;0;0;15,54404145;0;0;0;0;0;0;7,772020725;0;0;0;0;0;0;0;0;0;0;0;0;0;0;0;0;0;0;0;0;0;0;0;0;0;0;0;2,590673575;12,95336788;0;0;0;0;0;0;0;0;0;0;0;0;0;0;2,590673575;0;0;0;0;0;0;5,18134715;0;0;0;0;0;0;0;0;0;0;0;0;0;0;0;2,590673575;2,590673575;0;0;0;0;0;0;0;0;0;0;0;0;0;0;0;0;0;0;0;0;0;0;0;0;0;0;0;0;0;0;0;0;0;0;0;0;0;0;0
636;0;22,5;0;0;7,5;0;0;0;0;0;0;0;55;0;0;0;2,5;0;0;12,5;2,5;0;0;0;0;0;7,5;2,5;0;0;0;0;0;0;7,5;0;0;2,5;5;12,5;0;0;0;0;0;0;0;2,5;0;0;0;0;0;0;0;0;0;0;0;0;0;0;0;2,5;0;0;0;0;0;0;0;0;0;0;0;5;0;0;0;0;0;0;0;0;0;0;0;0;2,5;5;0;17,5;0;0;0;0;0;0;0;0;0;0;0;0;10;0;0;2,5;0;0;0;0;0;0;7,5;0;0;0;0;0;0;0;0;0;0;2,5;0;0;0;0;0;0;0;0;0;0;0;0;0;0;2,5;0;7,5;0;0;0;0;5;17,5;0;10;0;0;0;2,5;0;0;12,5;0;2,5;0;0;0;0;0;0;0;0;0;0;0;0;0;0;0;0;0;10;0;0;0;0;0;0;0;0;0;2,5;0;5;0;0;0;0;0;0;2,5;0;0;32,5;0;0;0;0;0;2,5;0;0;10;0;0;2,5;0;12,5;0;0;60;2,5;15;0;15;0;0;0;0;2,5;0;0;0;0;0;80;0;0;2,5;0;0;5;0;0;7,5;0;0;37,5;0;0;7,5;2,5;0;0;25;0;0;0;0;0;0;0;0;0;0;0;0;0;0;0;0;0;0;0;0;0;0;0;0;0;0;7,5;32,5;0;0;0;0;0;0;7,5;0;0;0;0;0;0;0;0;0;0;0;0;0;0;0;0;0;0;0;0;0;0;0;0;0;0;0;0;0;0;0;0;0;0;0;0;0;0;0;0;0;0;0;0;0;0;0;0;0;0;0;0;0;0;0;0;0;0;0;0;0;0;0;0;0;0;0;0;0;0;0;0
637;0;27,5;0;0;2,5;0;0;5;2,5;0;2,5;0;47,5;0;77,5;0;0;5;0;45;0;5;37,5;0;0;0;17,5;0;27,5;0;2,5;5;0;0;2,5;0;2,5;0;5;12,5;0;0;0;0;7,5;0;10;0;0;0;0;5;0;0;0;0;0;0;0;0;0;0;0;10;0;0;0;0;0;0;0;0;0;0;0;25;0;0;0;0;0;0;0;0;0;0;0;0;0;2,5;0;0;0;0;0;2,5;0;0;0;0;0;0;0;0;2,5;0;0;0;0;2,5;0;0;0;0;5;0;0;2,5;0;0;0;0;0;0;2,5;0;0;0;0;0;2,5;0;0;0;0;0;0;0;2,5;0;0;0;2,5;2,5;0;0;0;2,5;7,5;0;0;0;0;0;0;5;17,5;7,5;0;0;0;0;0;0;0;0;0;0;2,5;0;2,5;0;0;0;0;15;0;0;0;2,5;2,5;30;0;0;0;0;0;2,5;0;7,5;2,5;0;0;50;0;0;0;0;0;102,5;0;0;0;0;0;5;0;0;7,5;0;0;0;0;0;0;0;50;17,5;20;0;2,5;0;0;0;0;2,5;0;0;0;0;0;15;0;2,5;5;5;0;0;30;0;0;0;0;15;5;0;5;0;2,5;0;0;0;0;0;0;0;0;0;0;0;0;0;0;0;0;0;0;0;0;0;0;0;0;0;0;0;0;0;0;0;0;0;0;0;0;0;0;0;0;0;0;0;0;7,5;0;0;0;0;0;0;0;2,5;0;0;0;0;0;0;0;0;5;0;0;0;0;0;2,5;0;0;0;0;0;0;0;0;0;0;0;0;0;0;0;0;0;0;0;0;0;0;0;0;0;0;0;0;0;0;0;0;0;0;0;0;0;0;0;0;0
638;0;0;0;0;0;0;0;7,5;2,5;0;7,5;0;0;2,5;0;0;0;0;0;2,5;0;0;22,5;0;0;0;12,5;0;0;0;35;22,5;0;2,5;5;0;0;0;0;0;0;0;0;0;10;0;5;2,5;2,5;0;2,5;0;0;0;0;0;0;0;0;0;0;0;0;0;0;0;0;0;0;0;17,5;0;0;0;0;2,5;0;0;0;0;0;0;0;0;0;0;0;0;0;2,5;0;0;0;0;0;0;0;0;0;0;0;0;7,5;0;0;0;0;0;0;0;0;0;2,5;0;2,5;0;0;0;0;0;20;0;0;0;0;0;0;0;0;0;5;2,5;0;0;0;0;0;0;0;0;0;0;0;0;0;0;0;0;0;0;0;0;0;0;7,5;0;10;0;0;0;0;0;0;0;0;0;0;0;0;0;0;0;0;0;7,5;0;2,5;0;0;12,5;0;2,5;0;0;0;0;7,5;0;0;60;0;0;0;0;0;0;2,5;0;0;45;0;0;0;0;0;0;0;0;0;0;0;0;0;0;0;0;0;0;7,5;0;0;0;0;0;0;0;0;0;0;0;0;2,5;2,5;0;140;0;0;0;15;0;0;0;0;0;0;0;0;0;0;0;0;0;0;0;0;0;0;0;0;0;0;0;0;0;0;0;0;0;0;0;0;0;0;0;0;0;0;15;0;0;0;0;0;0;2,5;5;0;0;0;0;0;0;0;0;0;0;0;0;0;0;0;0;0;0;0;0;0;0;0;0;0;0;0;7,5;0;0;2,5;0;0;22,5;0;0;0;0;0;0;0;0;0;0;0;0;0;0;0;0;0;0;0;0;0;0;0;0;0;0;0;0;0;0;0;0;0;0;0;0;0;0
639;0;0;0;0;0;0;0;7,5;0;0;10;0;0;0;0;0;0;0;0;0;15;37,5;7,5;0;0;0;12,5;0;0;0;47,5;5;7,5;0;5;0;0;0;0;0;0;0;0;0;0;0;75;0;45;0;10;0;0;0;0;0;0;0;0;0;0;0;0;0;0;72,5;0;0;0;0;0;0;0;0;0;0;0;0;0;0;0;0;0;0;0;2,5;0;0;0;0;0;0;0;0;0;0;0;0;0;0;0;0;0;0;0;0;0;0;0;0;0;7,5;57,5;0;30;0;0;0;0;0;0;0;0;0;0;0;0;0;0;0;0;5;0;0;0;0;0;0;0;0;0;0;0;0;0;0;0;2,5;2,5;0;2,5;0;0;0;0;0;5;0;0;0;0;0;0;0;5;0;0;0;0;0;0;32,5;0;0;2,5;0;2,5;0;0;0;0;12,5;0;0;0;0;0;0;2,5;2,5;0;0;0;5;0;0;0;0;0;5;0;0;0;0;2,5;0;0;0;0;0;0;0;0;0;0;0;2,5;0;0;0;0;0;0;0;0;0;0;0;0;0;0;7,5;0;0;7,5;0;0;0;10;0;0;0;0;0;0;0;0;0;0;0;0;0;0;0;0;27,5;0;0;0;0;0;0;0;0;0;0;0;0;0;0;0;0;0;0;0;0;0;15;0;0;0;0;0;0;0;0;0;0;0;0;0;0;0;0;0;0;0;0;0;0;0;0;0;0;0;0;0;0;0;0;0;0;0;17,5;0;0;0;0;0;0;10;30;0;0;0;0;0;0;0;0;0;0;0;0;0;0;0;0;0;0;0;0;0;0;0;0;0;0;0;0;0;0;0;0;0;0;0;0
640;0;0;0;0;0;0;0;32,43243243;2,702702703;0;0;0;0;2,702702703;0;140,5405405;0;0;0;5,405405405;8,108108108;0;2,702702703;0;0;5,405405405;2,702702703;0;0;0;5,405405405;10,81081081;2,702702703;0;0;0;0;0;0;0;0;0;0;0;29,72972973;0;2,702702703;0;5,405405405;0;2,702702703;5,405405405;0;0;0;0;0;0;0;0;0;0;0;0;0;0;0;0;0;0;0;0;0;0;0;0;0;0;0;0;0;0;0;0;0;0;0;0;0;8,108108108;0;0;0;0;0;0;0;0;0;0;0;0;0;0;2,702702703;0;0;0;0;0;0;0;5,405405405;0;0;0;0;0;0;0;0;0;0;0;0;0;0;0;0;0;18,91891892;0;0;0;0;0;0;0;0;0;0;0;0;0;0;0;0;2,702702703;0;0;0;0;0;0;0;0;0;0;0;0;0;0;0;0;0;0;0;0;0;0;0;0;0;0;10,81081081;13,51351351;0;8,108108108;0;8,108108108;0;43,24324324;0;0;0;0;0;0;0;0;0;0;0;0;0;0;0;0;0;0;0;0;2,702702703;0;0;0;0;0;0;0;0;0;0;0;0;0;8,108108108;0;0;0;0;0;2,702702703;0;0;0;0;0;0;0;0;0;0;0;45,94594595;0;0;0;91,89189189;0;0;0;0;0;0;0;0;0;0;0;0;0;0;0;0;0;0;0;0;0;0;0;0;0;0;0;0;0;0;0;0;0;37,83783784;0;0;0;0;5,405405405;0;0;0;0;0;0;0;0;0;0;0;0;0;0;0;0;0;0;0;0;0;0;0;2,702702703;0;0;0;0;0;0;0;0;2,702702703;0;0;0;0;0;0;0;0;0;0;0;0;0;0;0;0;0;0;0;0;0;0;0;0;0;0;0;0;0;0;0;0;0;0;0;0;0;0;0;0;0;0;0;0;0;0;0
641;0;0;0;0;10;0;0;0;2,5;0;0;2,5;7,5;0;0;5;0;0;0;0;0;0;0;0;0;0;7,5;0;0;0;0;0;0;0;0;0;5;0;7,5;2,5;0;0;0;0;0;0;2,5;2,5;0;0;2,5;5;0;0;0;0;0;2,5;0;2,5;0;0;0;2,5;0;0;0;2,5;0;0;0;0;0;0;0;0;0;0;0;12,5;0;0;0;0;0;0;0;0;0;5;0;17,5;0;2,5;0;0;0;2,5;0;0;2,5;0;0;0;17,5;0;0;0;0;0;0;0;0;0;10;0;0;0;0;0;0;0;0;0;0;2,5;5;0;0;0;0;0;0;0;0;2,5;0;0;0;0;2,5;0;15;5;2,5;0;0;2,5;15;0;7,5;0;0;0;0;5;0;7,5;2,5;0;0;0;0;0;0;0;0;2,5;0;0;0;0;0;0;2,5;0;0;0;0;0;0;7,5;0;0;0;2,5;0;2,5;0;0;2,5;5;0;0;0;0;12,5;0;0;0;0;0;0;0;5;17,5;0;10;42,5;7,5;7,5;2,5;0;10;2,5;0;27,5;5;10;0;5;0;5;0;0;5;0;0;0;0;0;20;0;12,5;0;0;0;12,5;0;0;0;5;0;10;0;0;5;0;0;0;25;0;0;5;0;0;0;0;0;2,5;2,5;0;0;0;5;0;0;0;0;2,5;0;0;0;0;0;0;0;0;17,5;7,5;0;0;0;0;0;10;0;0;0;0;0;0;0;0;2,5;2,5;0;0;0;0;0;0;0;0;5;2,5;0;0;2,5;0;12,5;0;0;0;0;0;7,5;0;0;0;0;0;10;7,5;0;0;0;0;0;0;0;0;0;0;0;0;0;0;0;0;0;0;0;0;0;0;0;0;0;0;0;0;0;0;0;0;0;0
642;0;0;0;0;0;0;8,571428571;5,714285714;0;0;0;0;14,28571429;22,85714286;2,857142857;0;0;0;0;0;0;0;31,42857143;0;0;0;60;0;0;0;0;0;0;0;0;0;0;0;0;0;0;0;0;0;0;0;0;14,28571429;20;0;0;2,857142857;0;0;74,28571429;0;0;0;0;0;0;0;2,857142857;0;0;0;0;0;0;2,857142857;0;0;0;0;2,857142857;0;2,857142857;14,28571429;0;0;0;0;0;0;0;0;0;0;11,42857143;2,857142857;0;0;0;0;0;0;0;0;0;0;0;0;0;2,857142857;0;0;0;0;0;28,57142857;0;0;0;0;0;0;0;0;0;0;148,5714286;0;0;0;8,571428571;0;0;0;0;0;0;0;5,714285714;8,571428571;0;0;0;0;0;0;5,714285714;0;0;0;0;2,857142857;0;48,57142857;2,857142857;0;0;0;2,857142857;0;0;0;0;0;2,857142857;0;0;0;0;25,71428571;0;0;0;0;5,714285714;0;0;0;0;0;0;0;11,42857143;0;0;0;0;0;0;2,857142857;0;5,714285714;45,71428571;0;0;14,28571429;0;0;0;0;0;0;0;0;0;5,714285714;0;0;0;2,857142857;0;0;0;0;0;0;0;0;0;5,714285714;0;0;2,857142857;0;0;0;0;0;11,42857143;2,857142857;0;0;2,857142857;0;0;0;0;0;0;0;5,714285714;0;0;2,857142857;22,85714286;0;0;0;0;0;0;0;0;0;0;0;0;0;0;0;0;0;0;0;0;0;0;0;0;0;11,42857143;0;0;0;0;2,857142857;0;0;0;0;0;0;0;0;0;0;0;0;0;17,14285714;0;0;2,857142857;0;0;0;0;0;0;0;2,857142857;0;0;0;0;0;0;0;0;0;0;0;0;0;40;0;0;0;0;2,857142857;0;0;0;0;0;0;0;0;0;0;8,571428571;5,714285714;5,714285714;5,714285714;5,714285714;0;0;0;0;0;0;0;0;0;0;0;0;0;0;0;0;0;0;0;0;0;0;0;0;0;0;0;0;0
681;0;132,5966851;0;0;27,62430939;0;0;2,762430939;0;0;8,287292818;0;0;5,524861878;0;201,6574586;2,762430939;0;0;27,62430939;0;2,762430939;2,762430939;2,762430939;0;0;0;5,524861878;2,762430939;0;0;11,04972376;0;0;35,91160221;0;2,762430939;0;8,287292818;16,57458564;0;0;0;0;16,57458564;0;19,33701657;0;0;0;35,91160221;11,04972376;0;0;8,287292818;0;8,287292818;0;0;5,524861878;0;5,524861878;2,762430939;2,762430939;0;0;0;2,762430939;0;0;0;0;0;0;0;0;0;0;0;8,287292818;0;0;0;2,762430939;0;0;0;0;0;13,8121547;0;11,04972376;0;0;0;0;0;0;2,762430939;0;0;0;11,04972376;0;19,33701657;0;0;0;0;0;0;5,524861878;0;0;0;0;0;2,762430939;0;8,287292818;5,524861878;0;0;0;5,524861878;0;8,287292818;0;0;0;0;0;0;5,524861878;0;2,762430939;0;0;0;0;0;0;0;0;0;0;0;0;0;0;16,57458564;2,762430939;0;0;0;0;0;16,57458564;0;0;2,762430939;0;0;0;0;0;0;0;0;0;0;0;0;0;0;58,01104972;0;74,58563536;0;0;0;0;0;0;2,762430939;0;0;0;0;0;0;0;0;0;2,762430939;0;0;0;0;5,524861878;0;0;0;0;2,762430939;0;0;0;0;0;0;5,524861878;0;0;0;0;0;0;0;0;0;0;0;0;0;0;0;0;0;0;0;0;0;0;0;0;0;0;0;0;0;0;13,8121547;0;0;0;0;0;0;0;0;0;5,524861878;0;0;0;0;0;0;0;0;0;0;0;0;0;0;0;5,524861878;0;0;0;0;0;0;0;33,14917127;0;0;0;0;0;0;0;0;0;0;0;0;0;0;0;0;0;0;0;0;0;0;0;0;0;0;0;0;2,762430939;0;0;0;0;0;0;0;0;0;0;0;0;0;0;0;0;0;0;0;0;0;0;0;5,524861878;0;0;0;0;0;0;0;0;0;0;0;0;0;0;0;0;0;0;0;0;0;0;0;0;0;0;0;0
682;0;57,5;10;0;0;0;10;7,5;10;0;0;0;0;5;0;12,5;2,5;0;0;5;0;0;0;0;0;0;0;0;0;0;0;0;0;0;0;2,5;0;0;2,5;0;0;0;0;0;2,5;0;7,5;0;0;0;5;22,5;0;0;0;0;0;0;0;0;0;0;5;0;0;0;0;0;0;0;0;0;0;0;0;0;2,5;0;0;12,5;2,5;0;2,5;0;0;5;10;0;2,5;7,5;0;5;5;0;2,5;0;0;0;10;5;0;0;20;0;7,5;0;0;0;0;0;0;0;0;0;0;0;0;0;0;0;0;0;0;0;0;0;0;2,5;0;0;0;0;2,5;15;0;7,5;2,5;2,5;2,5;5;0;0;0;0;0;0;0;0;12,5;0;2,5;0;0;0;0;0;0;0;0;0;5;0;0;0;0;0;2,5;0;0;0;7,5;0;0;0;7,5;47,5;0;0;0;0;0;0;0;2,5;0;0;0;0;0;0;2,5;0;2,5;0;0;2,5;0;2,5;2,5;0;0;0;0;0;0;0;0;0;0;0;0;0;0;0;0;12,5;0;0;0;5;0;2,5;0;0;2,5;0;0;0;0;0;0;0;0;0;0;0;0;0;0;0;0;0;0;0;0;0;0;0;0;0;0;0;0;0;0;0;0;0;0;0;0;0;0;0;0;0;0;0;0;0;0;0;0;0;0;0;0;0;0;0;0;0;0;0;0;0;0;0;0;0;0;0;0;0;0;0;0;5;0;0;0;0;0;0;0;0;0;0;0;0;0;0;2,5;0;0;0;0;0;0;0;0;0;0;0;0;0;0;0;0;0;5;5;5;5;0;0;0;0;0;0;0;0;0;0;0;0;0;0;0;0;0;0;0;0;0;0;0;0
685;0;137,5;15;0;0;0;0;22,5;20;0;0;5;12,5;15;0;102,5;0;0;0;20;0;0;2,5;2,5;0;0;0;0;2,5;0;5;0;0;0;5;0;0;0;12,5;0;0;12,5;0;0;12,5;0;15;2,5;0;7,5;2,5;5;0;0;5;20;0;2,5;2,5;0;0;0;0;0;0;0;0;2,5;15;10;0;0;0;2,5;0;5;0;0;2,5;0;0;0;0;0;0;0;2,5;0;0;0;0;0;0;0;0;0;0;0;0;0;2,5;2,5;0;0;0;2,5;0;0;0;0;0;10;0;0;0;0;0;0;0;0;0;0;0;0;0;0;0;0;2,5;0;0;17,5;5;7,5;0;0;0;0;5;2,5;0;0;0;0;2,5;0;0;0;0;0;0;2,5;0;0;0;0;7,5;25;0;0;0;0;0;0;0;0;0;0;0;0;2,5;0;0;27,5;0;0;0;2,5;0;0;0;0;0;2,5;2,5;0;0;0;0;0;0;0;0;7,5;0;0;0;0;0;2,5;0;2,5;0;0;0;0;0;0;0;0;0;2,5;0;0;0;0;0;0;0;0;0;0;0;0;0;0;0;0;0;2,5;0;0;0;0;0;0;0;0;0;0;0;0;0;0;0;0;0;0;0;0;0;0;0;0;0;0;0;0;0;0;0;0;0;0;0;0;0;0;0;0;2,5;0;0;0;0;0;0;0;0;0;0;0;0;0;0;0;0;0;0;0;0;0;0;0;0;0;0;0;0;0;0;0;0;0;0;2,5;0;0;0;0;0;0;0;0;0;0;0;0;0;0;0;0;0;0;0;0;0;0;0;0;0;0;0;0;0;0;0;0;0;0;0;0;0;0;0;0;0;0;0;0;0;0;0;0;0;0;0;0
686;0;97,5;0;0;0;0;5;15;7,5;0;2,5;17,5;0;27,5;0;40;0;0;2,5;0;2,5;0;0;12,5;0;0;0;0;0;0;0;0;0;0;0;15;0;0;0;0;0;10;0;0;2,5;0;0;0;12,5;57,5;0;10;0;0;0;2,5;0;0;2,5;0;0;0;22,5;0;0;0;0;2,5;22,5;0;0;0;0;0;40;0;0;0;5;0;0;0;0;0;5;0;12,5;10;5;0;0;0;0;0;0;0;0;0;2,5;0;0;0;2,5;0;0;0;0;0;0;0;0;0;5;0;0;0;2,5;0;0;0;0;0;0;5;0;0;0;0;0;0;0;2,5;2,5;5;0;0;0;0;2,5;0;2,5;2,5;0;0;0;0;0;0;0;0;0;0;0;0;0;0;0;2,5;0;0;0;0;0;0;0;0;2,5;0;2,5;0;15;0;0;5;0;0;0;0;0;0;0;0;0;0;7,5;0;0;0;0;0;0;0;0;0;0;0;0;2,5;0;0;0;0;0;0;0;0;0;0;0;0;0;0;0;0;0;0;0;0;0;0;0;0;0;7,5;0;0;0;0;0;0;0;0;0;0;0;0;0;0;0;0;0;0;0;0;2,5;0;0;0;0;0;0;0;0;0;0;0;0;0;0;0;0;0;0;0;0;0;0;0;0;0;0;0;0;0;2,5;0;0;0;0;0;0;0;0;0;0;0;0;0;0;0;0;0;0;0;2,5;0;0;0;0;0;0;0;0;0;0;0;0;0;0;0;0;0;0;0;0;0;0;0;0;0;0;0;0;0;0;0;0;0;0;0;2,5;0;2,5;2,5;0;0;0;0;0;0;0;0;0;0;0;0;0;0;0;0;0;0;0;0;0;0;0;0
687;0;248,7179487;2,564102564;0;0;0;0;15,38461538;10,25641026;0;2,564102564;0;10,25641026;0;0;43,58974359;2,564102564;0;0;0;0;0;0;0;0;0;5,128205128;0;0;0;0;0;0;5,128205128;15,38461538;0;0;0;0;0;0;5,128205128;0;0;2,564102564;0;41,02564103;0;0;12,82051282;10,25641026;17,94871795;0;0;0;2,564102564;0;0;0;5,128205128;0;0;0;0;0;0;0;0;12,82051282;2,564102564;0;0;0;0;2,564102564;0;0;0;0;5,128205128;2,564102564;0;0;0;0;0;0;0;0;0;0;0;0;0;0;0;0;0;2,564102564;0;0;0;0;2,564102564;7,692307692;0;0;0;0;0;0;0;0;0;0;0;2,564102564;0;0;0;0;0;0;0;0;0;0;0;0;2,564102564;0;0;0;5,128205128;0;0;0;0;10,25641026;0;5,128205128;0;0;0;0;0;0;5,128205128;0;0;0;0;0;0;0;0;28,20512821;0;0;0;5,128205128;0;0;0;0;0;0;0;0;0;0;0;0;0;2,564102564;15,38461538;0;0;2,564102564;0;0;0;0;0;2,564102564;0;0;10,25641026;0;0;0;0;0;0;0;0;0;0;0;0;0;0;7,692307692;5,128205128;0;0;0;0;0;0;0;0;0;0;0;0;0;0;0;0;0;0;7,692307692;0;0;0;0;0;0;0;0;0;0;0;0;0;0;0;0;0;0;0;0;0;0;0;0;0;0;0;0;0;0;0;0;0;0;0;0;0;0;0;0;0;0;0;0;0;0;0;0;0;0;0;0;0;0;0;0;0;0;0;0;2,564102564;2,564102564;0;0;0;0;0;0;0;0;0;0;0;0;0;0;0;0;0;0;0;0;0;0;0;0;0;0;0;0;0;0;0;0;0;0;0;0;0;0;0;0;0;0;0;0;0;0;0;0;0;2,564102564;0;0;0;0;0;0;0;0;0;0;0;0;0;0;0;0;0;0;0;0;0;0;0
688;0;122,5;2,5;0;0;0;0;5;12,5;0;0;27,5;0;0;0;92,5;0;0;0;10;0;0;0;0;0;0;7,5;0;0;0;0;0;0;0;2,5;0;5;0;0;5;0;0;2,5;0;0;0;17,5;0;0;2,5;40;12,5;0;0;0;2,5;0;0;2,5;5;0;0;7,5;0;0;0;0;2,5;0;0;0;0;0;0;0;12,5;0;5;0;2,5;0;0;0;0;0;5;0;0;0;5;2,5;10;0;5;0;0;0;0;5;0;0;0;0;0;27,5;5;0;0;0;12,5;0;17,5;0;2,5;0;0;0;0;0;0;0;0;0;0;10;0;2,5;0;0;0;0;0;2,5;5;2,5;15;0;0;15;7,5;0;0;0;7,5;0;2,5;0;2,5;0;0;7,5;0;0;0;0;0;7,5;0;0;0;2,5;0;0;0;0;0;0;0;0;0;2,5;0;0;0;0;12,5;0;0;0;0;0;0;0;2,5;2,5;0;0;0;0;0;0;0;0;0;0;0;0;5;0;2,5;0;0;0;0;0;0;0;0;0;0;0;5;0;0;0;2,5;0;0;0;0;0;0;2,5;0;0;0;0;0;0;0;0;0;0;0;0;0;0;0;0;0;0;0;0;0;0;0;0;0;0;5;0;0;0;0;0;0;0;0;0;0;0;0;0;0;0;0;0;0;7,5;0;0;0;0;0;0;0;0;0;0;0;0;0;0;0;0;0;0;0;0;0;0;2,5;0;0;0;0;0;2,5;0;0;0;0;0;0;0;0;0;0;0;0;0;10;0;0;0;0;0;0;0;0;0;0;0;0;0;0;0;0;0;0;0;0;0;0;0;0;0;0;0;0;0;0;0;0;0;0;0;0;0;0;0;0;0;0;0;0;0;0
689;0;3,164556962;0;0;15,82278481;0;0;0;0;0;3,164556962;9,493670886;0;0;0;158,2278481;0;3,164556962;0;44,30379747;0;0;0;0;0;0;0;0;3,164556962;0;3,164556962;3,164556962;0;0;3,164556962;3,164556962;9,493670886;0;12,65822785;15,82278481;12,65822785;0;0;0;0;3,164556962;50,63291139;0;0;0;63,29113924;9,493670886;6,329113924;0;0;0;3,164556962;0;9,493670886;0;0;0;3,164556962;37,97468354;0;0;3,164556962;9,493670886;0;0;0;0;0;0;0;0;0;0;0;0;0;0;0;0;0;0;0;0;0;0;0;15,82278481;0;0;0;0;0;0;0;0;0;0;0;0;0;0;0;0;0;3,164556962;0;6,329113924;0;0;9,493670886;0;3,164556962;0;9,493670886;15,82278481;6,329113924;0;0;0;6,329113924;0;0;3,164556962;0;0;9,493670886;0;0;0;0;0;0;3,164556962;3,164556962;0;0;0;0;0;0;0;0;18,98734177;0;0;12,65822785;0;0;0;0;0;3,164556962;15,82278481;0;0;0;3,164556962;0;0;0;0;0;0;0;0;0;31,64556962;0;0;0;0;0;0;0;0;0;0;0;0;0;0;0;0;0;0;0;0;0;0;0;0;0;0;0;0;0;0;0;0;0;0;0;0;0;0;0;0;0;0;0;0;0;0;0;0;0;0;0;0;0;0;0;0;0;0;0;0;0;0;0;0;0;0;0;0;0;0;3,164556962;0;0;0;0;22,15189873;0;0;3,164556962;0;0;0;0;12,65822785;0;0;0;0;0;0;0;31,64556962;0;0;0;0;0;0;0;0;0;0;0;0;0;0;0;0;0;0;0;0;0;0;0;0;0;0;0;0;0;0;0;0;0;0;0;0;0;0;0;0;0;0;6,329113924;0;0;0;0;0;0;0;0;0;0;0;0;0;0;0;0;0;0;0;0;0;0;0;0;0;0;0;0;0;0;0;0;0;0;0;0;0;0;0;0;0;0;0;0;0;0;0;0;0;0;0
690;0;15,58441558;0;0;0;0;0;5,194805195;20,77922078;0;0;0;2,597402597;0;0;23,37662338;0;0;0;0;0;0;0;0;0;0;0;0;0;0;0;0;0;0;15,58441558;0;2,597402597;0;0;0;0;5,194805195;0;0;0;0;2,597402597;2,597402597;0;44,15584416;51,94805195;41,55844156;0;0;0;0;0;0;0;0;0;0;0;0;0;0;0;0;0;0;0;0;0;0;0;0;2,597402597;0;0;2,597402597;0;0;0;0;0;10,38961039;0;0;0;0;0;7,792207792;0;0;0;12,98701299;0;0;23,37662338;0;2,597402597;0;0;0;0;0;0;0;0;0;0;7,792207792;0;2,597402597;0;0;0;0;0;0;0;0;0;0;2,597402597;0;0;0;0;0;0;0;0;0;0;0;0;0;7,792207792;2,597402597;0;0;0;0;0;0;0;7,792207792;0;0;0;2,597402597;0;0;0;0;0;2,597402597;0;0;0;0;0;0;0;0;0;0;0;0;0;0;0;0;15,58441558;122,0779221;0;0;2,597402597;0;0;36,36363636;2,597402597;0;0;0;5,194805195;2,597402597;0;25,97402597;0;0;0;0;2,597402597;0;0;0;0;5,194805195;18,18181818;0;18,18181818;0;0;0;0;0;0;0;5,194805195;2,597402597;0;0;0;2,597402597;0;0;0;0;0;0;12,98701299;0;0;0;0;0;0;0;0;0;0;0;0;0;0;0;2,597402597;0;0;5,194805195;0;0;0;0;0;0;0;0;0;0;0;0;0;0;0;0;0;0;0;0;0;0;0;0;0;0;0;0;0;0;0;0;0;0;0;0;0;0;0;0;0;0;0;0;0;0;0;0;0;0;0;0;0;0;0;0;0;0;0;0;0;0;0;0;0;0;0;0;0;0;0;0;0;0;0;0;0;0;0;0;0;0;0;0;0;0;0;0;0;0;0;0;0;57,14285714;20,77922078;5,194805195;5,194805195;0;0;0;0;0;0;0;0;0;0;0;0;0;0;0;0;0;0;0
742;0;25;2,777777778;0;11,11111111;0;0;2,777777778;8,333333333;0;0;0;27,77777778;0;0;27,77777778;0;0;0;8,333333333;0;0;0;0;0;0;2,777777778;0;0;0;2,777777778;0;0;0;0;2,777777778;0;0;0;0;0;0;0;0;13,88888889;0;5,555555556;0;0;0;55,55555556;16,66666667;0;0;0;0;0;0;0;5,555555556;0;0;0;0;0;0;0;0;0;0;0;0;0;0;0;8,333333333;0;0;0;5,555555556;0;0;0;0;0;0;0;0;0;0;0;19,44444444;0;2,777777778;0;0;0;2,777777778;5,555555556;0;0;0;0;0;8,333333333;0;0;0;0;0;0;0;0;0;0;0;0;0;0;0;0;0;0;0;0;0;2,777777778;5,555555556;0;0;0;0;0;0;0;0;0;5,555555556;8,333333333;0;2,777777778;0;2,777777778;0;2,777777778;0;0;5,555555556;0;0;0;0;0;2,777777778;0;0;8,333333333;2,777777778;0;0;0;0;0;0;0;0;0;0;0;0;0;0;0;0;0;61,11111111;0;11,11111111;0;0;2,777777778;0;0;0;0;0;0;5,555555556;0;0;0;0;0;0;0;2,777777778;0;0;5,555555556;8,333333333;0;0;0;0;0;0;0;0;0;0;0;0;0;0;0;5,555555556;0;0;0;0;0;0;0;0;0;0;0;0;0;0;0;0;0;0;0;0;0;0;0;0;0;0;0;0;0;0;0;0;0;0;0;0;0;0;0;0;0;0;0;0;0;0;0;0;0;0;0;0;0;0;0;0;0;0;0;0;0;0;0;0;0;0;0;0;0;0;0;0;0;0;0;0;2,777777778;0;2,777777778;0;0;0;0;0;0;0;0;0;0;2,777777778;0;0;0;0;0;2,777777778;0;0;0;0;0;0;0;0;0;0;0;0;0;0;0;0;0;0;0;0;0;0;0;0;0;0;0;5,555555556;2,777777778;2,777777778;0;0;0;0;0;0;0;0;0;0;0;0;0;0;0;0
743;0;0;0;0;0;0;2,702702703;0;18,91891892;0;0;0;18,91891892;10,81081081;0;0;0;0;0;0;0;0;0;0;0;0;0;0;0;0;0;0;0;0;0;0;0;0;0;0;0;29,72972973;0;0;0;0;0;0;5,405405405;0;0;10,81081081;0;0;0;0;0;0;0;0;0;0;21,62162162;0;0;0;0;0;0;0;0;0;0;0;5,405405405;0;0;0;0;0;5,405405405;0;0;2,702702703;0;5,405405405;0;0;10,81081081;0;0;0;0;0;5,405405405;0;0;0;0;5,405405405;0;0;0;2,702702703;0;0;0;0;0;0;0;0;0;0;0;0;0;0;0;0;0;0;0;0;0;0;0;0;0;0;0;0;2,702702703;0;0;0;5,405405405;8,108108108;0;0;0;0;0;0;0;0;0;2,702702703;0;0;0;0;37,83783784;0;0;0;0;8,108108108;2,702702703;0;10,81081081;0;0;0;0;0;0;0;0;0;0;0;0;0;0;0;0;2,702702703;0;0;0;0;0;0;5,405405405;0;0;0;0;0;29,72972973;0;0;0;10,81081081;0;0;0;0;0;21,62162162;0;0;2,702702703;0;0;0;0;0;0;0;0;0;0;0;0;0;0;0;0;0;5,405405405;0;0;0;0;0;0;0;0;0;0;0;0;0;0;0;0;0;0;0;0;0;0;0;0;0;0;0;0;0;0;0;0;0;0;0;0;0;0;0;0;0;0;0;0;0;0;0;0;0;2,702702703;0;0;0;0;0;0;0;0;0;0;0;0;0;0;0;0;0;0;0;0;0;0;2,702702703;0;0;10,81081081;0;0;0;0;0;0;0;0;0;0;0;0;0;0;0;0;2,702702703;0;0;0;0;0;0;0;0;0;0;0;0;0;0;0;0;0;16,21621622;0;0;0;0;0;0;0;0;0;16,21621622;8,108108108;2,702702703;16,21621622;0;0;0;0;0;0;0;0;0;0;0;0
747;0;0;0;0;0;0;2,5;17,5;5;0;0;0;0;0;0;2,5;0;0;0;0;0;0;0;2,5;0;0;5;0;0;0;0;0;0;0;0;0;0;0;0;0;0;7,5;0;0;0;0;0;0;0;0;10;27,5;0;0;0;0;0;0;0;0;0;0;2,5;0;0;0;0;0;0;0;0;0;0;0;5;0;0;0;7,5;0;0;5;0;0;0;5;2,5;0;7,5;0;7,5;0;0;0;0;0;0;0;0;0;2,5;5;2,5;2,5;0;0;0;0;0;0;0;0;0;0;0;0;0;0;0;0;0;0;0;0;0;0;0;0;0;0;0;0;0;0;0;5;0;0;0;0;0;0;0;0;5;0;0;0;2,5;0;2,5;0;0;0;0;0;0;0;5;0;0;0;0;0;0;0;0;0;0;0;2,5;0;2,5;0;5;5;0;0;0;0;0;65;5;0;2,5;0;0;10;0;2,5;50;0;0;0;0;0;0;0;2,5;122,5;5;0;0;0;0;0;0;0;7,5;0;0;2,5;0;0;0;0;0;52,5;0;0;0;2,5;2,5;0;0;0;0;0;0;0;2,5;0;2,5;0;0;0;0;5;2,5;0;0;0;0;0;0;0;0;0;0;0;0;0;0;0;0;0;0;0;0;0;0;0;0;0;0;0;0;0;0;0;0;2,5;0;0;0;0;0;0;0;0;0;0;5;0;2,5;0;0;0;0;0;0;0;0;0;0;0;0;0;0;0;0;0;0;0;0;0;0;0;0;0;0;0;0;0;0;0;0;5;0;0;0;0;0;0;0;0;0;0;0;0;0;2,5;0;0;0;0;0;0;0;0;0;0;2,5;0;0;0;2,5;0;0;0;0;0;0;0;0;0;0;0
750;0;5;0;0;2,5;0;0;7,5;2,5;0;0;0;20;0;2,5;0;0;0;0;2,5;5;0;0;2,5;0;0;2,5;0;0;0;0;0;0;0;0;0;0;0;0;0;0;0;5;0;0;0;0;0;0;0;5;5;0;5;0;0;0;0;0;5;0;0;0;0;0;0;0;0;0;0;0;0;0;0;0;0;0;0;0;0;0;5;0;0;0;0;0;0;0;10;0;10;0;5;0;0;0;0;0;0;0;0;0;2,5;12,5;0;0;0;0;0;0;0;0;0;0;0;2,5;0;0;0;0;0;0;0;0;5;5;0;0;0;0;0;0;0;0;0;0;0;0;0;2,5;0;2,5;2,5;0;0;0;2,5;2,5;0;15;2,5;0;0;2,5;12,5;10;2,5;0;0;0;0;0;0;0;0;0;0;2,5;0;7,5;0;12,5;0;12,5;37,5;2,5;22,5;0;10;0;37,5;0;0;0;0;2,5;2,5;0;0;7,5;0;0;0;0;2,5;2,5;0;0;32,5;0;0;5;0;2,5;0;0;0;7,5;5;2,5;0;2,5;7,5;0;0;15;20;0;0;0;0;10;0;0;0;0;0;7,5;0;10;7,5;0;5;0;0;0;10;0;0;0;2,5;0;0;0;0;0;0;0;0;5;0;0;0;0;0;0;0;0;7,5;0;0;0;0;0;0;0;0;0;0;0;0;0;7,5;0;0;0;0;10;12,5;0;0;0;0;5;2,5;0;0;0;0;0;0;0;0;0;2,5;0;0;0;0;0;0;2,5;0;0;0;0;0;0;0;0;0;0;0;0;2,5;0;0;0;0;0;0;0;0;2,5;7,5;0;0;0;0;0;0;0;0;0;0;0;0;0;0;0;0;0;0;0;0;0;0;0;0;0;0;0;0;0;0;0;0
752;0;15;0;0;5;0;0;10;2,5;0;0;5;10;0;2,5;0;0;0;0;0;0;0;0;0;0;0;0;2,5;0;0;0;0;0;0;0;0;0;0;0;7,5;0;0;2,5;0;0;0;2,5;0;5;0;17,5;5;0;0;0;0;0;0;0;2,5;0;0;0;0;0;0;0;0;0;0;0;0;0;0;0;5;0;0;0;0;0;0;0;0;0;0;0;0;0;2,5;0;7,5;0;0;0;0;0;0;0;0;5;0;0;2,5;5;0;2,5;0;0;0;0;0;0;0;0;0;0;0;0;0;0;0;0;0;0;0;0;0;0;0;0;0;0;2,5;0;0;2,5;5;0;0;2,5;0;0;5;0;0;0;0;2,5;0;2,5;0;0;0;0;0;0;0;0;0;0;0;0;0;0;0;0;0;10;0;0;0;0;0;7,5;27,5;2,5;5;0;0;0;17,5;0;0;0;0;0;10;0;2,5;5;0;0;0;0;2,5;12,5;0;0;75;0;0;0;2,5;0;2,5;0;2,5;7,5;5;7,5;2,5;5;0;5;2,5;15;37,5;0;0;2,5;0;2,5;2,5;0;0;0;0;5;0;7,5;32,5;5;10;0;0;0;5;5;0;0;2,5;0;15;0;0;0;0;0;0;2,5;0;5;0;2,5;0;0;0;0;0;0;0;0;0;0;0;0;0;0;0;0;0;0;0;0;0;0;0;5;20;0;0;0;0;0;0;5;0;0;0;0;0;0;0;0;0;0;0;0;0;0;0;0;0;0;0;0;0;0;0;10;0;0;0;0;0;5;5;2,5;0;0;0;0;0;0;0;0;0;0;0;0;0;0;0;0;0;0;0;0;0;0;0;0;0;0;0;0;7,5;0;0;0;0;0;0;0;0;0;0
795;0;0;0;0;0;0;0;7,5;5;0;0;47,5;0;2,5;0;0;2,5;0;0;0;0;0;0;0;0;0;0;0;0;0;0;0;0;0;0;0;0;5;5;0;0;0;0;0;2,5;0;7,5;2,5;2,5;5;7,5;2,5;0;0;10;2,5;0;0;0;0;0;0;0;0;0;0;0;0;17,5;0;0;0;0;0;0;0;0;0;0;7,5;0;0;0;0;0;5;0;0;0;0;0;0;0;0;0;0;0;0;15;2,5;7,5;0;25;0;12,5;0;0;0;0;0;0;0;0;0;0;0;0;0;0;5;0;0;0;0;0;0;0;0;5;0;0;0;5;7,5;0;0;10;7,5;17,5;7,5;0;0;0;0;0;0;0;0;0;2,5;0;0;0;0;0;0;2,5;0;0;0;12,5;2,5;0;0;2,5;0;0;0;0;0;2,5;0;0;20;0;15;0;0;0;0;2,5;0;0;0;2,5;0;0;0;2,5;0;0;0;0;0;0;0;0;0;0;0;0;0;0;0;0;0;0;0;0;0;0;0;0;0;0;2,5;0;0;0;2,5;0;0;0;0;0;0;0;0;0;0;0;0;0;0;0;0;0;0;0;0;0;0;0;0;0;0;0;0;0;0;0;0;2,5;0;0;0;0;0;0;0;0;0;0;0;0;0;0;2,5;2,5;0;0;0;0;0;0;0;0;0;0;0;0;0;0;0;0;0;0;0;0;2,5;0;0;17,5;0;2,5;0;0;0;0;0;0;0;0;0;0;0;0;0;0;0;0;0;0;0;0;0;0;0;0;0;0;0;0;0;0;0;0;0;0;2,5;0;0;0;0;0;0;0;0;0;0;0;5;0;0;0;0;0;0;0;0;0;0;0;0;0;0;0;0
796;0;0;0;0;0;0;7,5;10;0;0;0;0;0;20;0;0;0;0;0;0;0;0;0;0;0;0;0;0;2,5;0;0;0;0;0;0;20;0;5;5;0;0;0;2,5;0;0;0;10;0;0;0;0;2,5;0;0;2,5;0;0;0;0;0;0;0;12,5;0;0;0;0;0;0;0;0;0;0;2,5;0;0;0;0;0;7,5;0;5;0;0;0;2,5;7,5;0;5;0;0;0;0;0;2,5;2,5;0;0;0;2,5;7,5;0;5;0;0;0;0;2,5;0;0;0;0;0;0;0;0;0;0;0;0;0;0;0;0;0;0;0;2,5;0;10;0;0;0;10;0;10;2,5;2,5;2,5;7,5;0;0;0;0;15;0;25;0;0;0;0;0;12,5;0;0;0;0;0;0;0;7,5;2,5;0;0;0;0;0;0;0;0;5;0;0;0;0;0;0;0;0;0;0;0;0;2,5;0;0;0;0;0;0;0;0;2,5;0;2,5;0;0;0;0;0;0;0;0;0;0;0;0;0;0;0;0;0;0;0;0;0;2,5;0;0;0;0;27,5;0;0;0;0;0;0;0;0;0;0;0;0;0;0;0;0;0;0;0;0;0;0;0;0;0;0;0;0;0;0;0;0;0;0;0;0;2,5;0;0;0;0;0;0;0;0;0;7,5;0;0;0;0;0;5;0;0;0;0;0;0;0;0;0;0;0;0;0;0;0;0;0;0;0;7,5;0;0;0;0;0;0;0;0;0;0;0;0;0;0;0;0;0;0;0;0;0;0;0;0;0;0;0;0;0;0;0;0;0;0;0;0;0;40;0;0;0;0;0;0;0;0;0;0;0;2,5;5;87,5;0;55;2,5;0;0;0;0;0;0;0;0
801;0;63,30935252;0;0;0;0;0;0;0;0;0;0;37,41007194;5,755395683;0;11,51079137;0;0;0;20,14388489;0;0;0;0;0;0;0;0;0;0;0;0;0;0;14,38848921;0;2,877697842;0;2,877697842;0;0;0;0;0;17,26618705;0;20,14388489;0;0;17,26618705;28,77697842;17,26618705;0;0;2,877697842;5,755395683;0;0;0;0;0;0;14,38848921;0;0;0;0;0;2,877697842;0;0;0;0;0;5,755395683;0;0;0;0;2,877697842;0;0;0;2,877697842;0;0;0;0;0;0;0;40,28776978;0;0;2,877697842;8,633093525;0;0;0;8,633093525;0;0;8,633093525;0;28,77697842;0;0;0;0;11,51079137;0;0;0;20,14388489;0;0;0;0;0;0;8,633093525;0;0;0;2,877697842;0;0;0;0;0;0;2,877697842;5,755395683;2,877697842;0;8,633093525;0;0;0;0;5,755395683;0;0;0;0;0;0;14,38848921;0;0;2,877697842;0;0;0;0;0;14,38848921;5,755395683;0;0;0;0;2,877697842;0;0;0;0;0;8,633093525;0;8,633093525;0;25,89928058;0;5,755395683;23,02158273;0;0;0;0;8,633093525;0;0;0;5,755395683;0;0;0;0;0;0;0;0;0;0;5,755395683;0;0;2,877697842;0;8,633093525;0;0;0;0;0;0;0;0;0;0;2,877697842;0;0;0;0;0;0;0;0;0;0;0;0;0;0;0;0;0;8,633093525;0;0;0;0;0;0;0;0;0;0;0;0;0;0;0;0;0;0;0;0;0;0;0;0;0;0;0;0;0;5,755395683;0;0;0;0;0;0;0;0;8,633093525;0;0;0;0;0;0;0;0;0;0;0;0;0;0;0;0;0;0;0;0;0;0;0;0;0;0;0;0;11,51079137;0;0;0;0;0;0;0;0;0;0;0;0;0;20,14388489;0;0;0;0;0;0;0;0;0;0;0;0;0;0;0;0;0;0;0;0;0;0;0;0;0;0;0;0;2,877697842;0;0;0;0;0;0;0;0;0;0;0;0;0;0;0;0;0
802;0;0;0;0;27,02702703;0;0;0;2,702702703;0;0;0;67,56756757;0;0;40,54054054;0;0;0;40,54054054;0;0;0;0;0;0;21,62162162;0;0;0;0;0;0;0;0;0;2,702702703;0;8,108108108;8,108108108;0;2,702702703;2,702702703;0;0;2,702702703;18,91891892;0;0;29,72972973;0;8,108108108;0;0;0;0;0;13,51351351;2,702702703;0;0;0;0;0;0;0;0;0;5,405405405;0;0;0;0;0;0;13,51351351;2,702702703;0;0;0;0;0;0;0;0;0;0;2,702702703;0;2,702702703;0;29,72972973;0;0;0;5,405405405;0;0;0;0;0;0;0;0;24,32432432;0;0;0;0;2,702702703;0;2,702702703;10,81081081;0;10,81081081;0;0;0;0;0;0;0;0;2,702702703;10,81081081;0;0;0;5,405405405;10,81081081;0;2,702702703;0;0;0;0;0;0;0;0;16,21621622;0;13,51351351;0;0;0;0;0;0;0;13,51351351;0;0;0;0;0;16,21621622;10,81081081;0;0;0;0;0;0;0;0;0;0;2,702702703;0;0;0;18,91891892;0;0;0;0;0;0;0;0;0;0;0;2,702702703;2,702702703;0;0;0;0;0;0;0;0;0;8,108108108;0;0;0;8,108108108;0;0;0;0;8,108108108;0;0;0;0;0;0;0;0;0;0;0;0;0;0;0;0;0;0;0;0;0;0;0;0;0;0;0;0;0;0;0;0;0;0;0;0;0;0;0;0;0;0;2,702702703;0;0;0;0;2,702702703;0;0;0;0;0;0;0;0;0;0;0;0;0;0;0;0;0;0;0;0;0;0;0;0;0;0;0;0;0;0;0;0;0;0;0;0;0;0;0;0;0;0;0;0;0;0;0;0;0;0;2,702702703;0;0;0;0;0;0;0;0;0;0;0;0;0;0;0;0;0;0;0;0;0;0;0;0;0;0;0;0;0;0;0;0;0;0;0;0;0;0;0;0;0;0;0;0;0;0;0;0;0;0;2,702702703;10,81081081;0;0
811;0;0;0;0;7,5;0;0;0;0;0;0;0;0;0;0;0;0;0;0;27,5;0;0;7,5;0;0;0;17,5;0;0;0;0;0;0;0;0;0;0;0;0;2,5;0;0;0;0;0;0;0;0;2,5;0;12,5;0;0;0;0;0;0;0;0;0;0;0;0;0;0;2,5;0;0;0;0;0;0;0;0;0;45;0;0;0;0;0;0;0;0;0;0;0;0;0;7,5;0;0;0;0;0;2,5;0;0;0;0;0;0;0;0;0;0;0;0;0;0;0;0;5;0;20;0;0;0;0;0;17,5;0;0;0;0;2,5;0;0;0;0;0;0;0;0;0;0;0;0;0;0;0;0;0;0;0;0;0;0;10;0;0;0;17,5;0;0;5;7,5;0;0;0;0;0;0;0;0;0;0;0;0;0;7,5;0;0;0;2,5;0;17,5;0;0;27,5;7,5;2,5;0;0;0;0;0;0;0;0;0;0;0;0;0;0;0;0;0;0;0;0;0;0;0;0;0;0;2,5;0;0;0;0;15;0;0;75;0;2,5;0;0;0;0;0;0;0;0;0;0;0;0;7,5;0;0;2,5;0;0;2,5;0;0;2,5;0;0;30;0;0;0;0;0;0;0;0;0;0;5;0;0;0;0;0;0;0;0;0;0;0;0;0;0;0;0;0;0;0;0;0;0;10;10;0;0;2,5;0;0;7,5;0;0;0;0;0;0;0;0;0;0;0;0;0;0;0;0;0;0;0;0;0;0;0;0;0;2,5;0;0;0;0;0;2,5;0;0;0;0;10;0;0;0;0;0;0;0;0;0;0;0;0;0;0;0;0;7,5;0;0;0;0;0;0;0;0;0;0;15;2,5;0;0;5;0;0;0;0
857;0;122,5;0;0;2,5;0;0;10;7,5;0;0;0;42,5;2,5;0;100;0;0;0;5;0;0;0;0;0;0;0;0;2,5;0;5;5;0;0;0;0;2,5;0;0;2,5;0;0;2,5;0;0;0;57,5;0;0;17,5;70;2,5;0;0;0;2,5;0;2,5;7,5;0;0;0;0;0;0;0;0;0;2,5;2,5;0;0;0;0;0;0;0;0;0;2,5;0;0;0;0;0;0;0;0;0;0;0;12,5;0;0;0;7,5;0;0;0;0;2,5;0;0;0;5;0;0;0;0;0;2,5;7,5;5;5;0;0;15;0;0;2,5;0;0;0;2,5;2,5;0;0;2,5;2,5;0;0;0;0;2,5;2,5;5;0;0;0;0;0;0;0;0;0;0;0;0;0;0;2,5;0;0;0;2,5;0;0;22,5;0;0;0;0;0;0;0;0;0;0;2,5;0;0;2,5;0;0;0;0;0;0;0;0;0;0;0;0;2,5;0;0;0;0;0;0;0;0;0;0;0;0;0;0;0;0;0;5;0;0;0;0;0;0;0;0;0;0;0;0;0;0;0;0;10;0;0;0;0;0;0;0;0;0;0;0;2,5;0;0;0;0;0;0;0;0;0;0;0;0;0;0;0;0;0;2,5;0;0;0;0;0;0;0;0;0;0;0;0;0;0;0;0;0;0;7,5;0;2,5;0;0;0;2,5;0;0;0;0;0;0;0;0;0;0;0;0;0;0;0;0;0;0;0;0;0;0;0;0;0;0;0;7,5;0;0;0;0;0;0;0;0;0;0;0;0;0;0;0;0;0;0;0;0;0;0;0;0;0;0;0;0;0;0;0;0;0;0;0;0;5;5;0;0;0;0;0;0;0;0;0;0;0;0;0;0;0;17,5;0
858;0;22,5;0;0;10;0;0;0;10;10;5;0;62,5;0;5;105;0;2,5;0;10;0;17,5;17,5;0;0;0;7,5;0;2,5;0;15;0;0;0;5;0;0;0;7,5;22,5;0;7,5;15;0;2,5;2,5;70;5;0;2,5;17,5;0;0;0;10;2,5;0;7,5;2,5;0;2,5;0;0;15;0;0;0;0;5;0;0;0;0;0;0;0;0;0;0;0;0;0;0;0;0;0;0;0;0;0;0;0;0;0;0;0;0;0;0;0;0;0;0;2,5;0;0;5;0;0;7,5;0;2,5;5;2,5;2,5;0;0;0;0;2,5;0;2,5;0;5;0;0;0;7,5;0;0;2,5;0;0;2,5;0;0;0;0;0;0;0;0;0;0;0;2,5;0;0;0;0;0;0;0;0;0;0;0;17,5;0;0;0;0;0;0;0;2,5;0;0;0;0;0;0;0;0;0;0;0;0;0;0;0;0;0;0;0;5;0;0;0;0;0;0;0;0;0;0;2,5;0;0;0;0;0;0;0;0;0;0;0;0;0;0;0;0;0;0;0;0;0;0;0;0;0;0;0;0;0;0;0;0;0;0;0;0;0;0;0;0;0;0;2,5;0;0;0;0;0;0;0;5;0;0;0;0;0;0;0;20;0;0;0;0;0;0;0;0;0;0;0;0;0;0;2,5;0;0;0;0;0;0;0;0;0;0;0;0;0;0;0;0;0;0;0;0;0;0;2,5;2,5;0;0;0;0;0;0;0;2,5;0;0;7,5;2,5;0;0;0;0;0;0;0;0;0;0;0;0;0;0;0;0;0;0;0;0;0;0;2,5;0;0;0;0;0;0;0;0;0;0;0;0;0;0;0;0;0;0;0;0;0;0;0;0;2,5;0;0;0
899;0;45,28301887;2,51572327;0;17,61006289;0;0;7,547169811;2,51572327;12,57861635;10,06289308;83,01886792;0;7,547169811;0;2,51572327;7,547169811;0;2,51572327;25,1572327;0;2,51572327;10,06289308;2,51572327;0;0;0;15,09433962;2,51572327;0;5,031446541;12,57861635;0;0;17,61006289;0;0;0;7,547169811;10,06289308;0;5,031446541;0;0;7,547169811;10,06289308;93,08176101;2,51572327;0;7,547169811;5,031446541;2,51572327;0;0;7,547169811;0;0;0;2,51572327;0;0;0;0;2,51572327;0;0;0;10,06289308;5,031446541;5,031446541;0;0;0;0;0;0;0;0;0;5,031446541;0;0;0;0;0;2,51572327;2,51572327;0;0;0;2,51572327;2,51572327;0;0;0;5,031446541;0;0;0;0;0;0;0;0;22,64150943;0;0;0;0;0;0;2,51572327;10,06289308;0;0;2,51572327;0;0;0;0;0;7,547169811;0;5,031446541;5,031446541;0;0;0;0;0;0;0;7,547169811;5,031446541;0;0;2,51572327;0;5,031446541;0;0;0;12,57861635;0;0;0;0;0;0;0;0;0;2,51572327;0;0;0;12,57861635;27,67295597;0;0;0;0;0;0;0;0;0;0;0;0;0;0;0;0;0;0;0;0;0;0;0;0;0;2,51572327;0;7,547169811;0;0;0;0;0;0;0;0;0;2,51572327;0;0;0;0;0;17,61006289;0;0;0;0;0;0;0;0;0;0;0;0;0;0;0;0;0;0;0;0;0;0;0;0;0;0;0;0;0;0;0;0;0;0;0;0;0;0;0;0;0;0;5,031446541;0;0;0;0;0;0;0;0;0;0;2,51572327;0;0;0;0;0;0;0;0;0;0;0;0;0;0;7,547169811;0;0;0;0;12,57861635;0;0;0;0;0;0;0;0;0;0;0;0;0;0;2,51572327;0;0;0;0;0;0;0;0;0;0;0;0;0;0;0;0;0;0;0;0;0;0;0;0;0;0;0;0;0;0;0;0;0;0;0;0;0;0;0;0;0;0;0;2,51572327;0;0;0;0;0;0;0;0;0;0;0;0;0;0;0;0;0;0;0;0;0;0;0
906;0;2,5;0;0;2,5;0;0;0;0;0;0;0;0;0;0;35;0;0;0;2,5;5;15;15;0;0;0;0;0;110;0;2,5;25;0;0;0;0;0;0;0;0;20;0;0;0;0;7,5;27,5;0;2,5;0;2,5;0;0;0;0;5;7,5;15;22,5;0;2,5;0;0;7,5;0;0;0;0;2,5;2,5;5;0;0;0;0;0;0;0;0;0;0;0;0;0;0;0;0;0;0;0;0;0;0;2,5;0;5;0;0;0;0;0;0;0;0;0;2,5;0;5;2,5;0;0;2,5;0;0;0;0;0;0;2,5;0;0;2,5;0;0;0;0;2,5;0;0;0;0;0;0;0;0;0;0;0;0;0;0;0;0;0;0;0;0;0;0;0;0;0;0;0;0;0;0;0;0;0;0;0;0;0;0;0;0;0;0;0;0;25;0;0;0;0;0;0;0;0;0;0;0;0;0;0;0;0;0;0;5;0;0;0;0;0;0;0;0;0;0;0;0;0;0;0;0;0;0;0;0;0;0;0;0;0;0;0;0;0;0;0;0;0;0;0;0;0;0;0;0;0;0;0;0;0;0;0;0;7,5;0;0;0;0;0;0;0;22,5;0;0;0;12,5;0;0;0;20;0;0;0;0;0;0;12,5;25;0;0;0;0;0;0;0;0;0;0;0;0;0;0;0;0;0;0;0;0;0;0;0;0;0;0;0;0;0;0;0;0;5;0;0;0;0;0;0;0;0;0;2,5;0;0;0;0;0;0;0;0;0;0;0;0;0;0;0;0;0;0;0;0;0;0;0;0;0;0;0;0;0;0;0;0;0;0;0;0;0;0;0;0;0;0;0;0;0;0;0;0;0;0;10
8013;0;0;0;0;0;0;0;0;0;0;0;0;0;0;0;47,79874214;0;0;0;2,51572327;0;55,34591195;2,51572327;0;0;0;0;0;0;0;0;2,51572327;0;0;5,031446541;0;0;0;0;0;0;0;0;0;0;0;0;0;10,06289308;0;12,57861635;0;0;0;0;0;0;0;0;0;0;0;0;0;0;22,64150943;0;0;0;0;0;0;0;7,547169811;0;0;0;0;0;0;0;0;0;0;0;0;0;0;0;0;0;0;0;0;0;0;0;0;0;0;0;0;0;0;0;0;0;0;0;0;0;0;0;2,51572327;0;0;0;0;0;2,51572327;47,79874214;0;0;0;0;0;0;0;0;0;0;0;0;0;0;0;0;0;0;0;0;0;0;0;0;0;0;2,51572327;0;0;0;0;0;0;0;0;0;0;0;0;0;0;0;0;12,57861635;0;0;0;0;0;0;0;0;0;0;0;50,31446541;0;0;0;0;0;0;0;0;0;0;0;0;0;0;0;0;0;0;0;0;0;0;0;0;0;0;0;0;0;0;0;0;0;0;0;0;0;0;0;110,6918239;0;0;0;0;0;0;0;0;0;0;0;0;0;0;0;0;0;5,031446541;0;0;0;0;0;0;0;0;0;0;0;0;0;0;0;0;0;0;0;0;0;0;0;0;0;0;0;0;0;0;0;0;0;0;0;0;0;0;0;0;0;0;35,22012579;0;0;0;0;0;0;0;0;0;0;0;0;0;0;0;0;0;0;0;0;0;0;0;0;0;0;0;0;0;0;0;2,51572327;0;0;0;15,09433962;0;0;0;0;0;0;0;0;0;0;0;0;0;0;0;0;0;0;0;0;0;0;0;0;0;0;0;0;0;0;0;0;0;0;0;32,70440252;25,1572327;15,09433962;20,12578616;7,547169811;0;0;0;0
